split,feature_set,model,seed,train_dates,test_dates,train_rows,test_rows,auc,brier,log_loss,ece_10,mean_excess_return,win_rate,mean_turnover,worst_net_return
1,base_only,elastic_logistic_c1_l25,0,270,20,162000,12000,0.5234945265078004,0.24888599000923212,0.6909172444526436,0.01469220988737837,-0.0026950068355445843,0.5,0.75,-0.050815751655592316
1,base_only,ridge_logistic_c01,0,270,20,162000,12000,0.523545801680069,0.2488843281971114,0.690913862677589,0.014723442252618216,-0.006744150357912784,0.25,0.75,-0.050815751655592316
1,base_only,tanh_mlp_16_8,442,270,20,162000,12000,0.5037696731529806,0.25269586069418776,0.698643302413658,0.0441047123727146,-0.0031399814916399003,0.5,0.725,-0.013464425015773189
1,base_only,tanh_mlp_16_8,2025,270,20,162000,12000,0.5077871484231657,0.25189177510370003,0.6970805904504277,0.037407774627002205,0.0017752658423727222,0.5,0.8500000000000001,-0.011568324711782025
1,base_only,tanh_mlp_16_8,9001,270,20,162000,12000,0.5071772276002291,0.2523592668027094,0.697959013812764,0.041391914577543105,0.003852284581426165,0.5,0.75,-0.008044827925571051
1,base_plus_crowding,elastic_logistic_c1_l25,0,270,20,162000,12000,0.5244378335378159,0.24886607242348008,0.690876972579213,0.014923163497568656,-0.007050765051835461,0.25,0.725,-0.05071575165559232
1,base_plus_crowding,ridge_logistic_c01,0,270,20,162000,12000,0.5245238776822541,0.2488641666111792,0.6908731510701464,0.014911282101487268,-0.0071302200636268066,0.25,0.7,-0.05071575165559232
1,base_plus_crowding,tanh_mlp_16_8,442,270,20,162000,12000,0.5127891404594261,0.25081579402970094,0.6948718487052499,0.02413040002894092,0.004824371629903986,0.75,0.7,-0.010208647455510764
1,base_plus_crowding,tanh_mlp_16_8,2025,270,20,162000,12000,0.50759679736222,0.25165800248563563,0.69654963685456,0.03402925460534092,0.00020797904009162344,0.5,0.9,-0.013386452405470727
1,base_plus_crowding,tanh_mlp_16_8,9001,270,20,162000,12000,0.49847101562844387,0.25252230873680553,0.698307858842957,0.04324230503544555,0.00438801417867561,0.75,0.875,-0.01658831872082841
1,base_plus_regime,elastic_logistic_c1_l25,0,270,20,162000,12000,0.5282511561101478,0.2487881569482741,0.6907211926962115,0.01505662190426497,-0.0042177920748673586,0.25,0.725,-0.03514552016623662
1,base_plus_regime,ridge_logistic_c01,0,270,20,162000,12000,0.5283449235948351,0.2487861817511718,0.6907172146494167,0.015473105988053147,-0.00421779207486736,0.25,0.725,-0.03514552016623662
1,base_plus_regime,tanh_mlp_16_8,442,270,20,162000,12000,0.5107616381745581,0.2505982150821475,0.6943862135751357,0.02412835329053509,0.006512736783068798,0.5,0.725,-0.014630760097204546
1,base_plus_regime,tanh_mlp_16_8,2025,270,20,162000,12000,0.5039787330995122,0.25196253660908935,0.6971837109308399,0.03651452199320105,0.005842365973978275,0.75,0.875,-0.004183486101138332
1,base_plus_regime,tanh_mlp_16_8,9001,270,20,162000,12000,0.5077091343220194,0.2522868909590117,0.6978632615107757,0.0434638002299406,0.00744073991021619,0.5,0.7749999999999999,-0.011376613156920675
1,graph_survivors,elastic_logistic_c1_l25,0,270,20,162000,12000,0.5272219443461678,0.24875214580056002,0.6906479184732168,0.01799009170273747,0.01267331556514929,0.75,0.875,-0.035532466465996754
1,graph_survivors,ridge_logistic_c01,0,270,20,162000,12000,0.5271752976016296,0.24875368361742933,0.6906510355659612,0.018081627449501616,0.00724122022927034,0.75,0.85,-0.04814501296922591
1,graph_survivors,tanh_mlp_16_8,442,270,20,162000,12000,0.5082780963477496,0.2524350665823558,0.6981405478727635,0.04200056308773576,-0.00020065754275835383,0.75,0.775,-0.012892202925080355
1,graph_survivors,tanh_mlp_16_8,2025,270,20,162000,12000,0.5153737269976553,0.2526585771846475,0.6986388417389665,0.04525336289432241,0.006201097342686347,0.75,0.775,-0.009533226423561776
1,graph_survivors,tanh_mlp_16_8,9001,270,20,162000,12000,0.5004012372846843,0.25354334518177674,0.7004122986236804,0.04622911836440875,0.013441264158803272,0.75,0.75,-0.007662060773965703
2,base_only,elastic_logistic_c1_l25,0,290,20,174000,12000,0.4776353877687734,0.25002934748560923,0.6932202938682542,0.023783432409392454,-0.008348673335239871,0.25,0.575,-0.02763986061494545
2,base_only,ridge_logistic_c01,0,290,20,174000,12000,0.4775978974748817,0.25002456935971196,0.6932107213961772,0.023735484764371026,-0.008348673335239875,0.25,0.575,-0.02763986061494545
2,base_only,tanh_mlp_16_8,442,290,20,174000,12000,0.47784414626859156,0.25181359561511907,0.6968615060600065,0.03272065334522849,-0.0021282664844196404,0.5,0.75,-0.019102429650614778
2,base_only,tanh_mlp_16_8,2025,290,20,174000,12000,0.48738017630293684,0.2531200541983883,0.6995614446122651,0.05825285175557315,0.004021718968936541,0.75,0.7,-0.01614326899133556
2,base_only,tanh_mlp_16_8,9001,290,20,174000,12000,0.48348300565537866,0.25302800657340685,0.6993775429871886,0.05266144259100978,-0.0013262791254693065,0.75,0.725,-0.03313797586367608
2,base_plus_crowding,elastic_logistic_c1_l25,0,290,20,174000,12000,0.47845076666251074,0.2499908692075284,0.6931422998324173,0.023819200024433117,-0.00119639602016775,0.5,0.675,-0.023397093434247195
2,base_plus_crowding,ridge_logistic_c01,0,290,20,174000,12000,0.4783492712813625,0.24998603640192665,0.6931325439541577,0.023808561716393353,-0.00119639602016775,0.5,0.675,-0.023397093434247195
2,base_plus_crowding,tanh_mlp_16_8,442,290,20,174000,12000,0.48278802128272746,0.252516401352136,0.6983784340279432,0.03795635801508416,-0.0005745708335023194,0.5,0.825,-0.023274054155948812
2,base_plus_crowding,tanh_mlp_16_8,2025,290,20,174000,12000,0.48483982390929353,0.2524013022372457,0.6980978923753455,0.045807819615411506,0.0003179635168599681,0.5,0.775,-0.029645271195709727
2,base_plus_crowding,tanh_mlp_16_8,9001,290,20,174000,12000,0.4815695447331583,0.252506987280021,0.6983209041494866,0.04156012415018902,-0.01287778161917151,0.5,0.8,-0.042917409698007766
2,base_plus_regime,elastic_logistic_c1_l25,0,290,20,174000,12000,0.4754067451898399,0.2501056371679302,0.6933729796897726,0.02400003288571862,-0.011976476722080902,0.25,0.65,-0.02491881119487461
2,base_plus_regime,ridge_logistic_c01,0,290,20,174000,12000,0.47537435066405,0.2501040820608085,0.6933698647808997,0.02397465561319363,-0.011976476722080902,0.25,0.65,-0.02491881119487461
2,base_plus_regime,tanh_mlp_16_8,442,290,20,174000,12000,0.4798525788688408,0.2537317026578831,0.7008535132338086,0.05031914826954158,0.008158050835124785,0.75,0.7,-0.035401152603705334
2,base_plus_regime,tanh_mlp_16_8,2025,290,20,174000,12000,0.47849802851171847,0.2532077719669053,0.6997134491147231,0.053418224070240765,0.007969398419419904,0.75,0.7999999999999999,-0.0067185565244327365
2,base_plus_regime,tanh_mlp_16_8,9001,290,20,174000,12000,0.47921107206253255,0.25275079929975813,0.6988420964407805,0.03651794829898895,-0.005015325270472945,0.25,0.8,-0.02091495323644241
2,graph_survivors,elastic_logistic_c1_l25,0,290,20,174000,12000,0.47578506397330866,0.25005326768034486,0.6932675146655317,0.02369242875392801,2.5067644078326408e-05,0.25,0.7749999999999999,-0.014783222688450025
2,graph_survivors,ridge_logistic_c01,0,290,20,174000,12000,0.4756843525564839,0.25005187509193044,0.6932646870311322,0.02368983465395814,2.506764407832554e-05,0.25,0.7749999999999999,-0.014783222688450025
2,graph_survivors,tanh_mlp_16_8,442,290,20,174000,12000,0.48191454503288467,0.2526178897149727,0.6985224252151961,0.051915123099969304,0.01612494311717898,0.75,0.95,-0.00021156940320925764
2,graph_survivors,tanh_mlp_16_8,2025,290,20,174000,12000,0.4874810277133908,0.25328891465555403,0.6999251662452947,0.04634168466350743,-0.015400978240771905,0.5,0.825,-0.03964462033084504
2,graph_survivors,tanh_mlp_16_8,9001,290,20,174000,12000,0.48079143214350606,0.25425607621583596,0.7019776970512197,0.0561034461408176,0.006106456362034839,0.5,0.8999999999999999,-0.024788980278071356
3,base_only,elastic_logistic_c1_l25,0,310,20,186000,12000,0.42743499391850137,0.2512277033478879,0.6956321908815835,0.021520086525488542,-0.025521697640749803,0.25,0.925,-0.06946422436849231
3,base_only,ridge_logistic_c01,0,310,20,186000,12000,0.42727155180230736,0.25122015124023744,0.6956168363740197,0.02151771160584564,-0.025521697640749803,0.25,0.925,-0.06946422436849231
3,base_only,tanh_mlp_16_8,442,310,20,186000,12000,0.4161566470053079,0.25896031964671884,0.7112969185274187,0.10003934232149464,-0.02663871127866229,0.0,0.7999999999999999,-0.063372372639032
3,base_only,tanh_mlp_16_8,2025,310,20,186000,12000,0.441332899468467,0.2579614059925781,0.7095153971770763,0.08020174937092697,-0.023227920641961664,0.0,0.725,-0.04067962664585655
3,base_only,tanh_mlp_16_8,9001,310,20,186000,12000,0.44953527752743216,0.2567416781730816,0.706850726350461,0.08258694753587703,-0.02570172125728107,0.0,0.8500000000000001,-0.05423871579268448
3,base_plus_crowding,elastic_logistic_c1_l25,0,310,20,186000,12000,0.42712024661568165,0.25125769565250167,0.6956930479674023,0.022334519376276108,-0.020899786398182057,0.25,0.9,-0.06926274088623387
3,base_plus_crowding,ridge_logistic_c01,0,310,20,186000,12000,0.4270747821820568,0.2512559189151748,0.6956894296861433,0.02235295169871624,-0.020899786398182057,0.25,0.9,-0.06926274088623387
3,base_plus_crowding,tanh_mlp_16_8,442,310,20,186000,12000,0.42680712504476714,0.2570746025629957,0.7075380458312632,0.08427412967490966,-0.028076305651812298,0.0,0.85,-0.058800392393727766
3,base_plus_crowding,tanh_mlp_16_8,2025,310,20,186000,12000,0.4488606268166328,0.2567152341906402,0.7068659237073643,0.07867259656061332,-0.02193660056760981,0.0,0.8500000000000001,-0.05044630931469779
3,base_plus_crowding,tanh_mlp_16_8,9001,310,20,186000,12000,0.4258247905559776,0.2586140873586497,0.710592575170531,0.09407149037016806,-0.02171333236092675,0.0,0.85,-0.03849390566389278
3,base_plus_regime,elastic_logistic_c1_l25,0,310,20,186000,12000,0.4314125152037467,0.2511564706702575,0.6954905101622672,0.021416310523206417,-0.019474880489362568,0.0,0.975,-0.0570205649943958
3,base_plus_regime,ridge_logistic_c01,0,310,20,186000,12000,0.43138187856629173,0.2511492103897461,0.6954758827843365,0.02127805466636067,-0.019474880489362568,0.0,0.975,-0.0570205649943958
3,base_plus_regime,tanh_mlp_16_8,442,310,20,186000,12000,0.4271694109908839,0.2568520613681473,0.7070756925475441,0.08511056067619378,-0.048261715146358054,0.0,0.75,-0.06986849622022737
3,base_plus_regime,tanh_mlp_16_8,2025,310,20,186000,12000,0.45231432607007704,0.256619957406128,0.7067329819530312,0.07314235787121638,-0.02518032858372532,0.25,0.85,-0.050351805214169224
3,base_plus_regime,tanh_mlp_16_8,9001,310,20,186000,12000,0.4290248476023496,0.2583747008272882,0.7101040707295797,0.09930502980855337,-0.023276233691838448,0.0,0.8,-0.04117613528250655
3,graph_survivors,elastic_logistic_c1_l25,0,310,20,186000,12000,0.4294550779301596,0.25130960454287476,0.69580087224582,0.01990363541728431,-0.020794530847361856,0.0,1.0,-0.04759393222981849
3,graph_survivors,ridge_logistic_c01,0,310,20,186000,12000,0.42932022627160893,0.25130220217434257,0.6957858918994446,0.019769136730941946,-0.01939791287487482,0.0,1.0,-0.04759393222981849
3,graph_survivors,tanh_mlp_16_8,442,310,20,186000,12000,0.4455793672645819,0.2575179023227504,0.7086015695082424,0.08456050123947866,-0.024066508379723,0.0,0.875,-0.03527907775856126
3,graph_survivors,tanh_mlp_16_8,2025,310,20,186000,12000,0.4513796423440262,0.2582902190505209,0.7100742312953034,0.08734153131738194,-0.025241331628173325,0.0,0.8,-0.037215975457426116
3,graph_survivors,tanh_mlp_16_8,9001,310,20,186000,12000,0.4508586232982686,0.25730945037811054,0.7082287518842046,0.07105144043017061,-0.024060397629031227,0.0,0.8999999999999999,-0.04070443241223802
4,base_only,elastic_logistic_c1_l25,0,330,20,198000,12000,0.4963989244227356,0.25942090559379705,0.7120224935615977,0.17656625594830902,0.018587718774495485,0.75,0.95,-0.010205220133862242
4,base_only,ridge_logistic_c01,0,330,20,198000,12000,0.49629649545246124,0.25942251051250936,0.7120258105047332,0.17655624862151847,0.018587718774495485,0.75,0.95,-0.010205220133862242
4,base_only,tanh_mlp_16_8,442,330,20,198000,12000,0.48548978236005663,0.26196566377078995,0.717408524944771,0.1774754475422328,9.26383848013565e-05,0.5,0.6749999999999999,-0.08264269921388714
4,base_only,tanh_mlp_16_8,2025,330,20,198000,12000,0.4765765132380766,0.2593061061242187,0.7120177672192641,0.16735599078478333,0.0027078314299099765,0.75,0.75,-0.06107186298933685
4,base_only,tanh_mlp_16_8,9001,330,20,198000,12000,0.49602650803289455,0.26091084406888826,0.7153798352918684,0.17380401465930995,-0.00148367618137857,0.5,0.675,-0.031960410203903285
4,base_plus_crowding,elastic_logistic_c1_l25,0,330,20,198000,12000,0.499366045667183,0.2592957204425094,0.711772451034509,0.17641928442141627,0.00856082759206114,0.75,0.975,-0.011453607368341629
4,base_plus_crowding,ridge_logistic_c01,0,330,20,198000,12000,0.4995435303484342,0.25928753820053546,0.7117560967630449,0.17640532582107316,0.00856082759206114,0.75,0.975,-0.011453607368341629
4,base_plus_crowding,tanh_mlp_16_8,442,330,20,198000,12000,0.5012098584778135,0.2583575836847759,0.7100911496966489,0.16965971963589685,0.004819544653421218,0.75,0.725,-0.08863693969626744
4,base_plus_crowding,tanh_mlp_16_8,2025,330,20,198000,12000,0.5053119804047655,0.26081283703320074,0.7150847378241615,0.17732489512088404,0.011678084951870511,0.75,0.7,-0.06129309090220013
4,base_plus_crowding,tanh_mlp_16_8,9001,330,20,198000,12000,0.5003489862196192,0.2607649256910905,0.714978986957822,0.17568872674816838,-0.012369569744241509,0.75,0.7749999999999999,-0.08074500553726122
4,base_plus_regime,elastic_logistic_c1_l25,0,330,20,198000,12000,0.4980440299028042,0.25943306498698326,0.712048539950991,0.17676338064247996,0.021695733979919057,0.75,0.8999999999999999,-0.01365145631564852
4,base_plus_regime,ridge_logistic_c01,0,330,20,198000,12000,0.4978509555566361,0.2594356982989171,0.7120538536950932,0.17676164397457192,0.02332108358581786,0.75,0.8999999999999999,-0.01365145631564852
4,base_plus_regime,tanh_mlp_16_8,442,330,20,198000,12000,0.4798634053047062,0.2591966404094509,0.7116878830600745,0.1706803402419331,-0.008897355192658985,0.25,0.775,-0.06053148394489336
4,base_plus_regime,tanh_mlp_16_8,2025,330,20,198000,12000,0.4850585393440057,0.2622208394078137,0.7180931459160151,0.1762383651725068,0.0005887211528238546,0.5,0.725,-0.06847269205188827
4,base_plus_regime,tanh_mlp_16_8,9001,330,20,198000,12000,0.4934732436742879,0.25930936253569836,0.7121427125894189,0.16938581752989357,-0.013886457661790958,0.25,0.7250000000000001,-0.04840054708312301
4,graph_survivors,elastic_logistic_c1_l25,0,330,20,198000,12000,0.49796127070506174,0.2596147770673227,0.7124151339142561,0.1772566059197315,0.018289813313597178,0.75,1.0,-0.014978622981495656
4,graph_survivors,ridge_logistic_c01,0,330,20,198000,12000,0.4981828449074061,0.2596190421624382,0.7124236685479954,0.1772874025802893,0.016811323337288946,0.75,0.95,-0.014878622981495655
4,graph_survivors,tanh_mlp_16_8,442,330,20,198000,12000,0.49631272453722824,0.2607159688151454,0.7149421774045764,0.17364107559511036,0.005950668785402716,0.75,0.825,-0.057573819587959756
4,graph_survivors,tanh_mlp_16_8,2025,330,20,198000,12000,0.48555408972783887,0.2647760536507015,0.72347758914153,0.18034702721008466,0.0014002710743447212,0.75,0.8,-0.05228397053625498
4,graph_survivors,tanh_mlp_16_8,9001,330,20,198000,12000,0.4964066888066297,0.2630452350902607,0.7198873308959437,0.177912491471462,0.000465957197705244,0.75,0.825,-0.07628977157958117
5,base_only,elastic_logistic_c1_l25,0,350,20,210000,12000,0.54382174197985,0.2456528426218362,0.6844429397068228,0.08608966862848912,0.02536446193890989,0.5,0.825,-0.026754002845049137
5,base_only,ridge_logistic_c01,0,350,20,210000,12000,0.5436765539420194,0.24565658059871692,0.6844504463233974,0.08609012555319909,0.02536446193890989,0.5,0.825,-0.026754002845049137
5,base_only,tanh_mlp_16_8,442,350,20,210000,12000,0.47432042875012537,0.251453287870426,0.6960596171378717,0.10040099732292844,0.005457922324409158,0.5,0.8250000000000001,-0.0491434163183119
5,base_only,tanh_mlp_16_8,2025,350,20,210000,12000,0.503089916401675,0.2517042320454977,0.696670333978306,0.10697905917671628,-0.006944257982692311,0.25,0.75,-0.046169384095614524
5,base_only,tanh_mlp_16_8,9001,350,20,210000,12000,0.45033915367780447,0.2539807829167658,0.7011622136947933,0.10645697605397461,-0.00030118876431100335,0.5,0.75,-0.029175617387461304
5,base_plus_crowding,elastic_logistic_c1_l25,0,350,20,210000,12000,0.543048122469088,0.24562886289662544,0.6843936567302705,0.08619951613035853,0.026972727477782066,0.75,0.875,-0.0061834420354587635
5,base_plus_crowding,ridge_logistic_c01,0,350,20,210000,12000,0.5430539334772062,0.24562886616203153,0.6843936890378335,0.08619029080386297,0.02354911394833357,0.75,0.875,-0.006183442035458762
5,base_plus_crowding,tanh_mlp_16_8,442,350,20,210000,12000,0.4958488191857174,0.2512665804289038,0.6956938902877315,0.1038475218571469,0.005110548747441353,0.75,0.75,-0.034370608374665136
5,base_plus_crowding,tanh_mlp_16_8,2025,350,20,210000,12000,0.4863394821159833,0.2513477009540433,0.6959143261497428,0.10158386708746478,0.006842151091175435,0.75,0.8500000000000001,-0.021208384115700533
5,base_plus_crowding,tanh_mlp_16_8,9001,350,20,210000,12000,0.5012254253919438,0.24856075418903614,0.6902758833360259,0.09307044589020758,-0.006563584118763077,0.25,0.8500000000000001,-0.03689733190221416
5,base_plus_regime,elastic_logistic_c1_l25,0,350,20,210000,12000,0.5418931264955356,0.24564013871548204,0.6844173516567986,0.08590373809505597,0.030125932346851146,0.5,0.85,-0.018850302353663737
5,base_plus_regime,ridge_logistic_c01,0,350,20,210000,12000,0.5418175252799191,0.2456475067163689,0.6844322049359741,0.08591059788266905,0.0291775899650436,0.5,0.85,-0.018850302353663737
5,base_plus_regime,tanh_mlp_16_8,442,350,20,210000,12000,0.48101622096428104,0.25158932053578187,0.6963327019456383,0.10317690489040676,-0.006976723101316246,0.5,0.7,-0.05961291215481446
5,base_plus_regime,tanh_mlp_16_8,2025,350,20,210000,12000,0.47505703213917505,0.2515512564045888,0.6963091494618132,0.0988007558053325,0.005360421852247857,0.5,0.8250000000000001,-0.013826389317651835
5,base_plus_regime,tanh_mlp_16_8,9001,350,20,210000,12000,0.5114472211119968,0.24649031725042583,0.6860968027860975,0.0848002112149057,0.014236074368594486,0.5,0.775,-0.012870914751006168
5,graph_survivors,elastic_logistic_c1_l25,0,350,20,210000,12000,0.5397997689310732,0.24574461032279676,0.6846253266066563,0.08646160432157773,0.019808730178942087,0.75,0.875,-0.010946918725689514
5,graph_survivors,ridge_logistic_c01,0,350,20,210000,12000,0.5401456401342621,0.24574038449811306,0.6846169143016859,0.08643871933153921,0.019164227743924962,0.75,0.825,-0.009936100312737707
5,graph_survivors,tanh_mlp_16_8,442,350,20,210000,12000,0.4835408134411872,0.2534073030152534,0.7001005869155572,0.10657599245774241,-0.00248132540955384,0.25,0.75,-0.020859071533192355
5,graph_survivors,tanh_mlp_16_8,2025,350,20,210000,12000,0.47196772589335245,0.25688958050950267,0.7070717779198682,0.1183217451831911,0.0015818533218533676,0.5,0.7000000000000001,-0.025380902592487667
5,graph_survivors,tanh_mlp_16_8,9001,350,20,210000,12000,0.4845246171155806,0.2507428635681497,0.6946554355553887,0.09406531779183412,-0.001260020835771562,0.5,0.875,-0.02695998503333506
6,base_only,elastic_logistic_c1_l25,0,370,20,222000,12000,0.5405466720541092,0.24958939964490154,0.692323684417308,0.018027521089417433,0.0018680666232931548,0.25,0.65,-0.015549205514981485
6,base_only,ridge_logistic_c01,0,370,20,222000,12000,0.5405450329291862,0.24958914718998934,0.6923231715816048,0.018034393959606602,0.0018680666232931548,0.25,0.65,-0.015549205514981485
6,base_only,tanh_mlp_16_8,442,370,20,222000,12000,0.5057241298302511,0.25107929072490304,0.6953307593165643,0.02500808443347472,0.001955809652366889,0.75,0.825,-0.01093309707119075
6,base_only,tanh_mlp_16_8,2025,370,20,222000,12000,0.4959548619445644,0.2520341202353963,0.6972904400935401,0.03172235259457044,-0.00409958042000286,0.5,0.8250000000000001,-0.02128369981772569
6,base_only,tanh_mlp_16_8,9001,370,20,222000,12000,0.5030626632457296,0.25099126987800296,0.6951548227624135,0.030606916043857332,0.003950906400536285,0.5,0.775,-0.013989462563376033
6,base_plus_crowding,elastic_logistic_c1_l25,0,370,20,222000,12000,0.5418767524745786,0.2495444515370692,0.692233278396294,0.01893800883581722,0.008055557562979963,0.5,0.7999999999999999,-0.014456947803434204
6,base_plus_crowding,ridge_logistic_c01,0,370,20,222000,12000,0.5417384270001547,0.24954782953031734,0.6922400531112137,0.019025909988775375,0.008055557562979963,0.5,0.7999999999999999,-0.014456947803434206
6,base_plus_crowding,tanh_mlp_16_8,442,370,20,222000,12000,0.5220220045019817,0.25023595175131846,0.6936244852077592,0.029481370287404055,0.019334245424514403,0.75,0.8,-0.02321999001411494
6,base_plus_crowding,tanh_mlp_16_8,2025,370,20,222000,12000,0.5154245822509552,0.2509878577177833,0.6951705446699031,0.02717517574033697,0.019517117049874397,0.5,0.8,-0.014583588101569626
6,base_plus_crowding,tanh_mlp_16_8,9001,370,20,222000,12000,0.5038657511126047,0.25155374805971586,0.6963119781955122,0.03576708071496221,0.02153360285699454,0.75,0.875,-0.008894028970025272
6,base_plus_regime,elastic_logistic_c1_l25,0,370,20,222000,12000,0.5375249035861165,0.24963305509681202,0.6924108750037784,0.018662839196026328,-0.003014198574595995,0.25,0.625,-0.02368656330010083
6,base_plus_regime,ridge_logistic_c01,0,370,20,222000,12000,0.5374373909843018,0.24963229802927114,0.6924093685409257,0.018500837223645348,-0.003014198574595995,0.25,0.625,-0.023686563300100834
6,base_plus_regime,tanh_mlp_16_8,442,370,20,222000,12000,0.5152531131149553,0.25063101829044804,0.6944352343410133,0.022354368797933816,0.00999818106084582,0.5,0.875,-0.015137250669307295
6,base_plus_regime,tanh_mlp_16_8,2025,370,20,222000,12000,0.5129005799057287,0.2515708812408937,0.6963655352207904,0.028040268009577755,0.01345354468148439,0.75,0.875,-0.02654395364693008
6,base_plus_regime,tanh_mlp_16_8,9001,370,20,222000,12000,0.5171949760765551,0.25034619107319733,0.6938495317290004,0.021676212035951357,0.027119082182911404,0.5,0.875,-0.023583766136874802
6,graph_survivors,elastic_logistic_c1_l25,0,370,20,222000,12000,0.5377575481980517,0.24958249298664675,0.6923086210976068,0.01987807218225799,0.002292166482531011,0.5,0.7999999999999999,-0.020843004992569185
6,graph_survivors,ridge_logistic_c01,0,370,20,222000,12000,0.5377047628191793,0.2495839811459912,0.692311604820244,0.019793165262109273,0.0030477424093247668,0.5,0.7999999999999999,-0.01782070128539416
6,graph_survivors,tanh_mlp_16_8,442,370,20,222000,12000,0.5154679218251872,0.25114893743488037,0.6955187165194218,0.020892794797703392,0.01058531712336824,0.75,0.8500000000000001,-0.04234719396450814
6,graph_survivors,tanh_mlp_16_8,2025,370,20,222000,12000,0.515450002578149,0.25143141254735407,0.6960810791153996,0.031653173218657925,0.0023638525440296317,0.25,0.825,-0.03311931006571402
6,graph_survivors,tanh_mlp_16_8,9001,370,20,222000,12000,0.5035945453923143,0.25240153535348486,0.698051306026546,0.039284739243586254,0.008925233821144494,0.5,0.8500000000000001,-0.015238898715519655
