split,date,feature_set,model,seed,gross_excess_return,net_excess_return,turnover
1,2025-11-26,base_only,elastic_logistic_c1_l25,0,0.05279106913150261,0.05179106913150261,1.0
1,2025-12-04,base_only,elastic_logistic_c1_l25,0,0.0023618762369245934,0.0015618762369245935,0.8
1,2025-12-11,base_only,elastic_logistic_c1_l25,0,-0.05011575165559232,-0.050815751655592316,0.7
1,2025-12-18,base_only,elastic_logistic_c1_l25,0,-0.012817221055013225,-0.013317221055013225,0.5
1,2025-11-26,base_only,ridge_logistic_c01,0,0.05279106913150261,0.05179106913150261,1.0
1,2025-12-04,base_only,ridge_logistic_c01,0,-0.013834697852548209,-0.01463469785254821,0.8
1,2025-12-11,base_only,ridge_logistic_c01,0,-0.05011575165559232,-0.050815751655592316,0.7
1,2025-12-18,base_only,ridge_logistic_c01,0,-0.012817221055013222,-0.013317221055013222,0.5
1,2025-11-26,base_only,tanh_mlp_16_8,442,-0.003115719528018472,-0.004115719528018472,1.0
1,2025-12-04,base_only,tanh_mlp_16_8,442,0.005765214871173017,0.0049652148711730165,0.8
1,2025-12-11,base_only,tanh_mlp_16_8,442,0.0005550037060590429,5.500370605904291e-05,0.5
1,2025-12-18,base_only,tanh_mlp_16_8,442,-0.012864425015773189,-0.013464425015773189,0.6
1,2025-11-26,base_only,tanh_mlp_16_8,2025,0.02286247298517717,0.02186247298517717,1.0
1,2025-12-04,base_only,tanh_mlp_16_8,2025,0.004549977687562674,0.0035499776875626736,1.0
1,2025-12-11,base_only,tanh_mlp_16_8,2025,-0.006143062591466929,-0.006743062591466929,0.6
1,2025-12-18,base_only,tanh_mlp_16_8,2025,-0.010768324711782025,-0.011568324711782025,0.8
1,2025-11-26,base_only,tanh_mlp_16_8,9001,0.012547078190662605,0.011547078190662606,1.0
1,2025-12-04,base_only,tanh_mlp_16_8,9001,0.01952464775279082,0.01882464775279082,0.7
1,2025-12-11,base_only,tanh_mlp_16_8,9001,-0.0074448279255710514,-0.008044827925571051,0.6
1,2025-12-18,base_only,tanh_mlp_16_8,9001,-0.0062177596921777125,-0.006917759692177713,0.7
1,2025-11-26,base_plus_crowding,elastic_logistic_c1_l25,0,0.03170752544282319,0.030707525442823187,1.0
1,2025-12-04,base_plus_crowding,elastic_logistic_c1_l25,0,-0.007184958874547669,-0.007884958874547668,0.7
1,2025-12-11,base_plus_crowding,elastic_logistic_c1_l25,0,-0.05011575165559232,-0.05071575165559232,0.6
1,2025-12-18,base_plus_crowding,elastic_logistic_c1_l25,0,0.00029012487997495673,-0.0003098751200250432,0.6
1,2025-11-26,base_plus_crowding,ridge_logistic_c01,0,0.03170752544282319,0.030707525442823187,1.0
1,2025-12-04,base_plus_crowding,ridge_logistic_c01,0,-0.007184958874547669,-0.007884958874547668,0.7
1,2025-12-11,base_plus_crowding,ridge_logistic_c01,0,-0.05011575165559232,-0.05071575165559232,0.6
1,2025-12-18,base_plus_crowding,ridge_logistic_c01,0,-0.00012769516719042528,-0.0006276951671904253,0.5
1,2025-11-26,base_plus_crowding,tanh_mlp_16_8,442,0.006171880685641723,0.005171880685641723,1.0
1,2025-12-04,base_plus_crowding,tanh_mlp_16_8,442,0.021553186293367124,0.020653186293367123,0.9
1,2025-12-11,base_plus_crowding,tanh_mlp_16_8,442,-0.009808647455510765,-0.010208647455510764,0.4
1,2025-12-18,base_plus_crowding,tanh_mlp_16_8,442,0.004181066996117859,0.003681066996117859,0.5
1,2025-11-26,base_plus_crowding,tanh_mlp_16_8,2025,-0.012386452405470727,-0.013386452405470727,1.0
1,2025-12-04,base_plus_crowding,tanh_mlp_16_8,2025,0.018452231480688513,0.017452231480688512,1.0
1,2025-12-11,base_plus_crowding,tanh_mlp_16_8,2025,-0.005996759412463252,-0.006696759412463252,0.7
1,2025-12-18,base_plus_crowding,tanh_mlp_16_8,2025,0.00436289649761196,0.0034628964976119603,0.9
1,2025-11-26,base_plus_crowding,tanh_mlp_16_8,9001,0.0201791948615207,0.0191791948615207,1.0
1,2025-12-04,base_plus_crowding,tanh_mlp_16_8,9001,0.012207917918141305,0.011207917918141304,1.0
1,2025-12-11,base_plus_crowding,tanh_mlp_16_8,9001,-0.01598831872082841,-0.01658831872082841,0.6
1,2025-12-18,base_plus_crowding,tanh_mlp_16_8,9001,0.004653262655868844,0.003753262655868844,0.9
1,2025-11-26,base_plus_regime,elastic_logistic_c1_l25,0,0.046429806037191275,0.045429806037191274,1.0
1,2025-12-04,base_plus_regime,elastic_logistic_c1_l25,0,-0.02303840522562862,-0.02383840522562862,0.8
1,2025-12-11,base_plus_regime,elastic_logistic_c1_l25,0,-0.03464552016623662,-0.03514552016623662,0.5
1,2025-12-18,base_plus_regime,elastic_logistic_c1_l25,0,-0.0027170489447954672,-0.003317048944795467,0.6
1,2025-11-26,base_plus_regime,ridge_logistic_c01,0,0.046429806037191275,0.045429806037191274,1.0
1,2025-12-04,base_plus_regime,ridge_logistic_c01,0,-0.023038405225628625,-0.023838405225628623,0.8
1,2025-12-11,base_plus_regime,ridge_logistic_c01,0,-0.03464552016623662,-0.03514552016623662,0.5
1,2025-12-18,base_plus_regime,ridge_logistic_c01,0,-0.0027170489447954707,-0.0033170489447954705,0.6
1,2025-11-26,base_plus_regime,tanh_mlp_16_8,442,0.022010688311055855,0.021010688311055854,1.0
1,2025-12-04,base_plus_regime,tanh_mlp_16_8,442,0.028208902724963847,0.027308902724963845,0.9
1,2025-12-11,base_plus_regime,tanh_mlp_16_8,442,-0.007037883806539958,-0.007637883806539958,0.6
1,2025-12-18,base_plus_regime,tanh_mlp_16_8,442,-0.014230760097204547,-0.014630760097204546,0.4
1,2025-11-26,base_plus_regime,tanh_mlp_16_8,2025,0.0017775355944821773,0.0007775355944821772,1.0
1,2025-12-04,base_plus_regime,tanh_mlp_16_8,2025,0.02739682022486146,0.02639682022486146,1.0
1,2025-12-11,base_plus_regime,tanh_mlp_16_8,2025,-0.003383486101138332,-0.004183486101138332,0.8
1,2025-12-18,base_plus_regime,tanh_mlp_16_8,2025,0.001078594177707795,0.0003785941777077951,0.7
1,2025-11-26,base_plus_regime,tanh_mlp_16_8,9001,0.034746673115329384,0.03374667311532938,1.0
1,2025-12-04,base_plus_regime,tanh_mlp_16_8,9001,0.009938079749981905,0.009338079749981906,0.6
1,2025-12-11,base_plus_regime,tanh_mlp_16_8,9001,-0.0012451800675258515,-0.0019451800675258516,0.7
1,2025-12-18,base_plus_regime,tanh_mlp_16_8,9001,-0.010576613156920675,-0.011376613156920675,0.8
1,2025-11-26,graph_survivors,elastic_logistic_c1_l25,0,0.0363095255916218,0.0353095255916218,1.0
1,2025-12-04,graph_survivors,elastic_logistic_c1_l25,0,0.03696724278649026,0.03606724278649026,0.9
1,2025-12-11,graph_survivors,elastic_logistic_c1_l25,0,-0.034632466465996756,-0.035532466465996754,0.9
1,2025-12-18,graph_survivors,elastic_logistic_c1_l25,0,0.015548960348481848,0.014848960348481849,0.7
1,2025-11-26,graph_survivors,ridge_logistic_c01,0,0.0363095255916218,0.0353095255916218,1.0
1,2025-12-04,graph_survivors,ridge_logistic_c01,0,0.03696724278649026,0.03606724278649026,0.9
1,2025-12-11,graph_survivors,ridge_logistic_c01,0,-0.04724501296922591,-0.04814501296922591,0.9
1,2025-12-18,graph_survivors,ridge_logistic_c01,0,0.006333125508195207,0.005733125508195207,0.6
1,2025-11-26,graph_survivors,tanh_mlp_16_8,442,0.002313994044937614,0.0013139940449376141,1.0
1,2025-12-04,graph_survivors,tanh_mlp_16_8,442,0.011081090274240042,0.010281090274240042,0.8
1,2025-12-11,graph_survivors,tanh_mlp_16_8,442,-0.012192202925080355,-0.012892202925080355,0.7
1,2025-12-18,graph_survivors,tanh_mlp_16_8,442,0.001094488434869284,0.0004944884348692841,0.6
1,2025-11-26,graph_survivors,tanh_mlp_16_8,2025,0.01658496372452764,0.01558496372452764,1.0
1,2025-12-04,graph_survivors,tanh_mlp_16_8,2025,0.005842720461631205,0.005042720461631204,0.8
1,2025-12-11,graph_survivors,tanh_mlp_16_8,2025,0.014409931608148319,0.01370993160814832,0.7
1,2025-12-18,graph_survivors,tanh_mlp_16_8,2025,-0.008933226423561777,-0.009533226423561776,0.6
1,2025-11-26,graph_survivors,tanh_mlp_16_8,9001,0.021691930350115705,0.020691930350115705,1.0
1,2025-12-04,graph_survivors,tanh_mlp_16_8,9001,0.032900949715929925,0.03230094971592992,0.6
1,2025-12-11,graph_survivors,tanh_mlp_16_8,9001,0.009134237343133168,0.008434237343133168,0.7
1,2025-12-18,graph_survivors,tanh_mlp_16_8,9001,-0.006962060773965703,-0.007662060773965703,0.7
2,2025-12-26,base_only,elastic_logistic_c1_l25,0,0.009321890872850323,0.008321890872850322,1.0
2,2026-01-05,base_only,elastic_logistic_c1_l25,0,-0.011846928149837161,-0.012346928149837162,0.5
2,2026-01-12,base_only,elastic_logistic_c1_l25,0,-0.02713986061494545,-0.02763986061494545,0.5
2,2026-01-20,base_only,elastic_logistic_c1_l25,0,-0.0014297954490272002,-0.0017297954490272,0.30000000000000004
2,2025-12-26,base_only,ridge_logistic_c01,0,0.009321890872850323,0.008321890872850322,1.0
2,2026-01-05,base_only,ridge_logistic_c01,0,-0.011846928149837165,-0.012346928149837165,0.5
2,2026-01-12,base_only,ridge_logistic_c01,0,-0.02713986061494545,-0.02763986061494545,0.5
2,2026-01-20,base_only,ridge_logistic_c01,0,-0.0014297954490272002,-0.0017297954490272,0.30000000000000004
2,2025-12-26,base_only,tanh_mlp_16_8,442,0.003038003941770814,0.002038003941770814,1.0
2,2026-01-05,base_only,tanh_mlp_16_8,442,-0.000752879651818323,-0.001452879651818323,0.7
2,2026-01-12,base_only,tanh_mlp_16_8,442,-0.01830242965061478,-0.019102429650614778,0.8
2,2026-01-20,base_only,tanh_mlp_16_8,442,0.010504239422983725,0.010004239422983724,0.5
2,2025-12-26,base_only,tanh_mlp_16_8,2025,-0.01514326899133556,-0.01614326899133556,1.0
2,2026-01-05,base_only,tanh_mlp_16_8,2025,0.026294135752139954,0.025894135752139953,0.4
2,2026-01-12,base_only,tanh_mlp_16_8,2025,0.002584340660719499,0.002084340660719499,0.5
2,2026-01-20,base_only,tanh_mlp_16_8,2025,0.0051516684542222725,0.004251668454222273,0.9
2,2025-12-26,base_only,tanh_mlp_16_8,9001,0.005927228046914353,0.004927228046914353,1.0
2,2026-01-05,base_only,tanh_mlp_16_8,9001,0.023386692461424826,0.022786692461424826,0.6
2,2026-01-12,base_only,tanh_mlp_16_8,9001,-0.03243797586367608,-0.03313797586367608,0.7
2,2026-01-20,base_only,tanh_mlp_16_8,9001,0.0007189388534596768,0.00011893885345967681,0.6
2,2025-12-26,base_plus_crowding,elastic_logistic_c1_l25,0,0.017010629306487564,0.016010629306487563,1.0
2,2026-01-05,base_plus_crowding,elastic_logistic_c1_l25,0,-0.011846928149837161,-0.012446928149837161,0.6
2,2026-01-12,base_plus_crowding,elastic_logistic_c1_l25,0,-0.022897093434247194,-0.023397093434247195,0.5
2,2026-01-20,base_plus_crowding,elastic_logistic_c1_l25,0,0.01564780819692579,0.015047808196925791,0.6
2,2025-12-26,base_plus_crowding,ridge_logistic_c01,0,0.017010629306487564,0.016010629306487563,1.0
2,2026-01-05,base_plus_crowding,ridge_logistic_c01,0,-0.011846928149837161,-0.012446928149837161,0.6
2,2026-01-12,base_plus_crowding,ridge_logistic_c01,0,-0.022897093434247194,-0.023397093434247195,0.5
2,2026-01-20,base_plus_crowding,ridge_logistic_c01,0,0.01564780819692579,0.015047808196925791,0.6
2,2025-12-26,base_plus_crowding,tanh_mlp_16_8,442,-0.02227405415594881,-0.023274054155948812,1.0
2,2026-01-05,base_plus_crowding,tanh_mlp_16_8,442,0.03037292354759045,0.02957292354759045,0.8
2,2026-01-12,base_plus_crowding,tanh_mlp_16_8,442,-0.014720864156119715,-0.015520864156119715,0.8
2,2026-01-20,base_plus_crowding,tanh_mlp_16_8,442,0.0076237114304687995,0.006923711430468799,0.7
2,2025-12-26,base_plus_crowding,tanh_mlp_16_8,2025,0.023475055621783467,0.022475055621783466,1.0
2,2026-01-05,base_plus_crowding,tanh_mlp_16_8,2025,-0.021641267036628838,-0.022141267036628838,0.5
2,2026-01-12,base_plus_crowding,tanh_mlp_16_8,2025,-0.028945271195709728,-0.029645271195709727,0.7
2,2026-01-20,base_plus_crowding,tanh_mlp_16_8,2025,0.03148333667799497,0.030583336677994972,0.9
2,2025-12-26,base_plus_crowding,tanh_mlp_16_8,9001,0.0034558014554286276,0.0024558014554286276,1.0
2,2026-01-05,base_plus_crowding,tanh_mlp_16_8,9001,-0.04231740969800776,-0.042917409698007766,0.6
2,2026-01-12,base_plus_crowding,tanh_mlp_16_8,9001,-0.01642086167279829,-0.01722086167279829,0.8
2,2026-01-20,base_plus_crowding,tanh_mlp_16_8,9001,0.006971343438691383,0.006171343438691383,0.8
2,2025-12-26,base_plus_regime,elastic_logistic_c1_l25,0,0.00801966162327616,0.007019661623276161,1.0
2,2026-01-05,base_plus_regime,elastic_logistic_c1_l25,0,-0.017303563661619344,-0.017803563661619344,0.5
2,2026-01-12,base_plus_regime,elastic_logistic_c1_l25,0,-0.024418811194874608,-0.02491881119487461,0.5
2,2026-01-20,base_plus_regime,elastic_logistic_c1_l25,0,-0.011603193655105822,-0.012203193655105821,0.6
2,2025-12-26,base_plus_regime,ridge_logistic_c01,0,0.00801966162327616,0.007019661623276161,1.0
2,2026-01-05,base_plus_regime,ridge_logistic_c01,0,-0.017303563661619344,-0.017803563661619344,0.5
2,2026-01-12,base_plus_regime,ridge_logistic_c01,0,-0.024418811194874608,-0.02491881119487461,0.5
2,2026-01-20,base_plus_regime,ridge_logistic_c01,0,-0.011603193655105822,-0.012203193655105821,0.6
2,2025-12-26,base_plus_regime,tanh_mlp_16_8,442,0.0045078396594360375,0.0035078396594360375,1.0
2,2026-01-05,base_plus_regime,tanh_mlp_16_8,442,0.04179938754501697,0.04109938754501697,0.7
2,2026-01-12,base_plus_regime,tanh_mlp_16_8,442,-0.03480115260370533,-0.035401152603705334,0.6
2,2026-01-20,base_plus_regime,tanh_mlp_16_8,442,0.02392612873975147,0.02342612873975147,0.5
2,2025-12-26,base_plus_regime,tanh_mlp_16_8,2025,0.008624078273125887,0.007624078273125887,1.0
2,2026-01-05,base_plus_regime,tanh_mlp_16_8,2025,0.022638047133342703,0.022038047133342703,0.6
2,2026-01-12,base_plus_regime,tanh_mlp_16_8,2025,-0.006018556524432736,-0.0067185565244327365,0.7
2,2026-01-20,base_plus_regime,tanh_mlp_16_8,2025,0.009834024795643765,0.008934024795643765,0.9
2,2025-12-26,base_plus_regime,tanh_mlp_16_8,9001,-0.001910983784736301,-0.002910983784736301,1.0
2,2026-01-05,base_plus_regime,tanh_mlp_16_8,9001,-0.014420068092207923,-0.015020068092207923,0.6
2,2026-01-12,base_plus_regime,tanh_mlp_16_8,9001,-0.020114953236442412,-0.02091495323644241,0.8
2,2026-01-20,base_plus_regime,tanh_mlp_16_8,9001,0.019584704031494853,0.018784704031494855,0.8
2,2025-12-26,graph_survivors,elastic_logistic_c1_l25,0,0.0268666265505291,0.025866626550529098,1.0
2,2026-01-05,graph_survivors,elastic_logistic_c1_l25,0,-0.005493049457622197,-0.006093049457622197,0.6
2,2026-01-12,graph_survivors,elastic_logistic_c1_l25,0,-0.014083222688450026,-0.014783222688450025,0.7
2,2026-01-20,graph_survivors,elastic_logistic_c1_l25,0,-0.004090083828143571,-0.004890083828143571,0.8
2,2025-12-26,graph_survivors,ridge_logistic_c01,0,0.0268666265505291,0.025866626550529098,1.0
2,2026-01-05,graph_survivors,ridge_logistic_c01,0,-0.0054930494576222,-0.0060930494576222,0.6
2,2026-01-12,graph_survivors,ridge_logistic_c01,0,-0.014083222688450026,-0.014783222688450025,0.7
2,2026-01-20,graph_survivors,ridge_logistic_c01,0,-0.004090083828143571,-0.004890083828143571,0.8
2,2025-12-26,graph_survivors,tanh_mlp_16_8,442,0.0007884305967907424,-0.00021156940320925764,1.0
2,2026-01-05,graph_survivors,tanh_mlp_16_8,442,0.03004648604436033,0.02924648604436033,0.8
2,2026-01-12,graph_survivors,tanh_mlp_16_8,442,0.0023322647237191494,0.0013322647237191494,1.0
2,2026-01-20,graph_survivors,tanh_mlp_16_8,442,0.03513259110384571,0.03413259110384571,1.0
2,2025-12-26,graph_survivors,tanh_mlp_16_8,2025,0.004970262867166461,0.003970262867166461,1.0
2,2026-01-05,graph_survivors,tanh_mlp_16_8,2025,-0.03693730424563871,-0.03763730424563871,0.7
2,2026-01-12,graph_survivors,tanh_mlp_16_8,2025,-0.038844620330845035,-0.03964462033084504,0.8
2,2026-01-20,graph_survivors,tanh_mlp_16_8,2025,0.012507748746229667,0.011707748746229667,0.8
2,2025-12-26,graph_survivors,tanh_mlp_16_8,9001,-0.0015192715719647117,-0.0025192715719647117,1.0
2,2026-01-05,graph_survivors,tanh_mlp_16_8,9001,0.043865348760697004,0.042965348760697006,0.9
2,2026-01-12,graph_survivors,tanh_mlp_16_8,9001,-0.023888980278071355,-0.024788980278071356,0.9
2,2026-01-20,graph_survivors,tanh_mlp_16_8,9001,0.009568728537478425,0.008768728537478425,0.8
3,2026-01-27,base_only,elastic_logistic_c1_l25,0,-0.06846422436849231,-0.06946422436849231,1.0
3,2026-02-03,base_only,elastic_logistic_c1_l25,0,-0.02834083377697253,-0.02914083377697253,0.8
3,2026-02-10,base_only,elastic_logistic_c1_l25,0,-0.004379461214351585,-0.005279461214351585,0.9
3,2026-02-18,base_only,elastic_logistic_c1_l25,0,0.002797728796817215,0.0017977287968172148,1.0
3,2026-01-27,base_only,ridge_logistic_c01,0,-0.06846422436849231,-0.06946422436849231,1.0
3,2026-02-03,base_only,ridge_logistic_c01,0,-0.02834083377697253,-0.02914083377697253,0.8
3,2026-02-10,base_only,ridge_logistic_c01,0,-0.0043794612143515845,-0.005279461214351584,0.9
3,2026-02-18,base_only,ridge_logistic_c01,0,0.002797728796817215,0.0017977287968172148,1.0
3,2026-01-27,base_only,tanh_mlp_16_8,442,-0.062372372639032,-0.063372372639032,1.0
3,2026-02-03,base_only,tanh_mlp_16_8,442,-0.0080164731087213,-0.0089164731087213,0.9
3,2026-02-10,base_only,tanh_mlp_16_8,442,-0.01580902201159895,-0.01650902201159895,0.7
3,2026-02-18,base_only,tanh_mlp_16_8,442,-0.017156977355296907,-0.017756977355296907,0.6
3,2026-01-27,base_only,tanh_mlp_16_8,2025,-0.03967962664585655,-0.04067962664585655,1.0
3,2026-02-03,base_only,tanh_mlp_16_8,2025,-0.018899242340258925,-0.019699242340258924,0.8
3,2026-02-10,base_only,tanh_mlp_16_8,2025,-0.009920328703818346,-0.010520328703818346,0.6
3,2026-02-18,base_only,tanh_mlp_16_8,2025,-0.021512484877912817,-0.022012484877912818,0.5
3,2026-01-27,base_only,tanh_mlp_16_8,9001,-0.05323871579268448,-0.05423871579268448,1.0
3,2026-02-03,base_only,tanh_mlp_16_8,9001,-0.002417383009981122,-0.003217383009981122,0.8
3,2026-02-10,base_only,tanh_mlp_16_8,9001,-0.022015448214184608,-0.02291544821418461,0.9
3,2026-02-18,base_only,tanh_mlp_16_8,9001,-0.02173533801227405,-0.02243533801227405,0.7
3,2026-01-27,base_plus_crowding,elastic_logistic_c1_l25,0,-0.06826274088623387,-0.06926274088623387,1.0
3,2026-02-03,base_plus_crowding,elastic_logistic_c1_l25,0,-0.02463825739744937,-0.025338257397449368,0.7
3,2026-02-10,base_plus_crowding,elastic_logistic_c1_l25,0,0.012572261545385868,0.011672261545385868,0.9
3,2026-02-18,base_plus_crowding,elastic_logistic_c1_l25,0,0.0003295911455691446,-0.0006704088544308554,1.0
3,2026-01-27,base_plus_crowding,ridge_logistic_c01,0,-0.06826274088623387,-0.06926274088623387,1.0
3,2026-02-03,base_plus_crowding,ridge_logistic_c01,0,-0.02463825739744937,-0.025338257397449368,0.7
3,2026-02-10,base_plus_crowding,ridge_logistic_c01,0,0.012572261545385866,0.011672261545385866,0.9
3,2026-02-18,base_plus_crowding,ridge_logistic_c01,0,0.00032959114556914415,-0.0006704088544308559,1.0
3,2026-01-27,base_plus_crowding,tanh_mlp_16_8,442,-0.057800392393727765,-0.058800392393727766,1.0
3,2026-02-03,base_plus_crowding,tanh_mlp_16_8,442,-0.03107007679680609,-0.03207007679680609,1.0
3,2026-02-10,base_plus_crowding,tanh_mlp_16_8,442,-0.01830491557445337,-0.01920491557445337,0.9
3,2026-02-18,base_plus_crowding,tanh_mlp_16_8,442,-0.00172983784226198,-0.00222983784226198,0.5
3,2026-01-27,base_plus_crowding,tanh_mlp_16_8,2025,-0.04944630931469779,-0.05044630931469779,1.0
3,2026-02-03,base_plus_crowding,tanh_mlp_16_8,2025,-0.0052042297815974355,-0.006104229781597435,0.9
3,2026-02-10,base_plus_crowding,tanh_mlp_16_8,2025,-0.019019687566206922,-0.01981968756620692,0.8
3,2026-02-18,base_plus_crowding,tanh_mlp_16_8,2025,-0.010676175607937096,-0.011376175607937095,0.7
3,2026-01-27,base_plus_crowding,tanh_mlp_16_8,9001,-0.024977204126192837,-0.025977204126192838,1.0
3,2026-02-03,base_plus_crowding,tanh_mlp_16_8,9001,-0.03749390566389278,-0.03849390566389278,1.0
3,2026-02-10,base_plus_crowding,tanh_mlp_16_8,9001,-0.011268270540807156,-0.012168270540807156,0.9
3,2026-02-18,base_plus_crowding,tanh_mlp_16_8,9001,-0.009713949112814209,-0.01021394911281421,0.5
3,2026-01-27,base_plus_regime,elastic_logistic_c1_l25,0,-0.0560205649943958,-0.0570205649943958,1.0
3,2026-02-03,base_plus_regime,elastic_logistic_c1_l25,0,-0.009348268162682272,-0.010248268162682272,0.9
3,2026-02-10,base_plus_regime,elastic_logistic_c1_l25,0,-0.005745519614329563,-0.006745519614329563,1.0
3,2026-02-18,base_plus_regime,elastic_logistic_c1_l25,0,-0.0028851691860426326,-0.0038851691860426326,1.0
3,2026-01-27,base_plus_regime,ridge_logistic_c01,0,-0.0560205649943958,-0.0570205649943958,1.0
3,2026-02-03,base_plus_regime,ridge_logistic_c01,0,-0.009348268162682272,-0.010248268162682272,0.9
3,2026-02-10,base_plus_regime,ridge_logistic_c01,0,-0.005745519614329563,-0.006745519614329563,1.0
3,2026-02-18,base_plus_regime,ridge_logistic_c01,0,-0.0028851691860426326,-0.0038851691860426326,1.0
3,2026-01-27,base_plus_regime,tanh_mlp_16_8,442,-0.06886849622022737,-0.06986849622022737,1.0
3,2026-02-03,base_plus_regime,tanh_mlp_16_8,442,-0.04350692527014478,-0.04420692527014478,0.7
3,2026-02-10,base_plus_regime,tanh_mlp_16_8,442,-0.03326617976578474,-0.03406617976578474,0.8
3,2026-02-18,base_plus_regime,tanh_mlp_16_8,442,-0.044405259329275325,-0.044905259329275325,0.5
3,2026-01-27,base_plus_regime,tanh_mlp_16_8,2025,-0.02831358735573685,-0.029313587355736852,1.0
3,2026-02-03,base_plus_regime,tanh_mlp_16_8,2025,-0.04935180521416922,-0.050351805214169224,1.0
3,2026-02-10,base_plus_regime,tanh_mlp_16_8,2025,-0.028102570458800963,-0.029002570458800964,0.9
3,2026-02-18,base_plus_regime,tanh_mlp_16_8,2025,0.00844664869380575,0.00794664869380575,0.5
3,2026-01-27,base_plus_regime,tanh_mlp_16_8,9001,-0.04017613528250655,-0.04117613528250655,1.0
3,2026-02-03,base_plus_regime,tanh_mlp_16_8,9001,-0.03402029466718946,-0.034820294667189465,0.8
3,2026-02-10,base_plus_regime,tanh_mlp_16_8,9001,-0.005280544985590672,-0.006180544985590672,0.9
3,2026-02-18,base_plus_regime,tanh_mlp_16_8,9001,-0.01042795983206709,-0.01092795983206709,0.5
3,2026-01-27,graph_survivors,elastic_logistic_c1_l25,0,-0.04659393222981849,-0.04759393222981849,1.0
3,2026-02-03,graph_survivors,elastic_logistic_c1_l25,0,-0.017691279679694992,-0.018691279679694993,1.0
3,2026-02-10,graph_survivors,elastic_logistic_c1_l25,0,-0.004038392770872998,-0.005038392770872998,1.0
3,2026-02-18,graph_survivors,elastic_logistic_c1_l25,0,-0.010854518709060953,-0.011854518709060954,1.0
3,2026-01-27,graph_survivors,ridge_logistic_c01,0,-0.04659393222981849,-0.04759393222981849,1.0
3,2026-02-03,graph_survivors,ridge_logistic_c01,0,-0.012104807789746841,-0.01310480778974684,1.0
3,2026-02-10,graph_survivors,ridge_logistic_c01,0,-0.004038392770872999,-0.005038392770872999,1.0
3,2026-02-18,graph_survivors,ridge_logistic_c01,0,-0.010854518709060953,-0.011854518709060954,1.0
3,2026-01-27,graph_survivors,tanh_mlp_16_8,442,-0.011896817618872037,-0.012896817618872038,1.0
3,2026-02-03,graph_survivors,tanh_mlp_16_8,442,-0.03437907775856126,-0.03527907775856126,0.9
3,2026-02-10,graph_survivors,tanh_mlp_16_8,442,-0.01877830341853893,-0.01977830341853893,1.0
3,2026-02-18,graph_survivors,tanh_mlp_16_8,442,-0.027711834722919777,-0.028311834722919777,0.6
3,2026-01-27,graph_survivors,tanh_mlp_16_8,2025,-0.017549131099725397,-0.018549131099725398,1.0
3,2026-02-03,graph_survivors,tanh_mlp_16_8,2025,-0.024649300302928702,-0.0254493003029287,0.8
3,2026-02-10,graph_survivors,tanh_mlp_16_8,2025,-0.01905091965261308,-0.01975091965261308,0.7
3,2026-02-18,graph_survivors,tanh_mlp_16_8,2025,-0.03651597545742612,-0.037215975457426116,0.7
3,2026-01-27,graph_survivors,tanh_mlp_16_8,9001,-0.03032074245919674,-0.03132074245919674,1.0
3,2026-02-03,graph_survivors,tanh_mlp_16_8,9001,-0.03970443241223802,-0.04070443241223802,1.0
3,2026-02-10,graph_survivors,tanh_mlp_16_8,9001,-0.0019200762253878652,-0.002820076225387865,0.9
3,2026-02-18,graph_survivors,tanh_mlp_16_8,9001,-0.02069633941930229,-0.021396339419302288,0.7
4,2026-02-25,base_only,elastic_logistic_c1_l25,0,0.03248443062599503,0.03148443062599503,1.0
4,2026-03-04,base_only,elastic_logistic_c1_l25,0,0.051902850059157415,0.05100285005915742,0.9
4,2026-03-11,base_only,elastic_logistic_c1_l25,0,0.0030688145466917366,0.0020688145466917366,1.0
4,2026-03-18,base_only,elastic_logistic_c1_l25,0,-0.009305220133862242,-0.010205220133862242,0.9
4,2026-02-25,base_only,ridge_logistic_c01,0,0.03248443062599503,0.03148443062599503,1.0
4,2026-03-04,base_only,ridge_logistic_c01,0,0.051902850059157415,0.05100285005915742,0.9
4,2026-03-11,base_only,ridge_logistic_c01,0,0.0030688145466917366,0.0020688145466917366,1.0
4,2026-03-18,base_only,ridge_logistic_c01,0,-0.009305220133862242,-0.010205220133862242,0.9
4,2026-02-25,base_only,tanh_mlp_16_8,442,0.07998355762956337,0.07898355762956337,1.0
4,2026-03-04,base_only,tanh_mlp_16_8,442,-0.007362312909948411,-0.007862312909948412,0.5
4,2026-03-11,base_only,tanh_mlp_16_8,442,0.012692008033477623,0.011892008033477623,0.8
4,2026-03-18,base_only,tanh_mlp_16_8,442,-0.08224269921388715,-0.08264269921388714,0.4
4,2026-02-25,base_only,tanh_mlp_16_8,2025,0.0508400347938135,0.0498400347938135,1.0
4,2026-03-04,base_only,tanh_mlp_16_8,2025,0.004498145888788028,0.0037981458887880277,0.7
4,2026-03-11,base_only,tanh_mlp_16_8,2025,0.018965008026375234,0.018265008026375235,0.7
4,2026-03-18,base_only,tanh_mlp_16_8,2025,-0.06047186298933685,-0.06107186298933685,0.6
4,2026-02-25,base_only,tanh_mlp_16_8,9001,0.021739764104627943,0.020739764104627943,1.0
4,2026-03-04,base_only,tanh_mlp_16_8,9001,-0.00407478933271329,-0.00447478933271329,0.4
4,2026-03-11,base_only,tanh_mlp_16_8,9001,0.010360730706474355,0.009760730706474355,0.6
4,2026-03-18,base_only,tanh_mlp_16_8,9001,-0.031260410203903286,-0.031960410203903285,0.7
4,2026-02-25,base_plus_crowding,elastic_logistic_c1_l25,0,0.008051394865717564,0.0070513948657175635,1.0
4,2026-03-04,base_plus_crowding,elastic_logistic_c1_l25,0,0.029816562770070443,0.02891656277007044,0.9
4,2026-03-11,base_plus_crowding,elastic_logistic_c1_l25,0,0.010728960100798181,0.00972896010079818,1.0
4,2026-03-18,base_plus_crowding,elastic_logistic_c1_l25,0,-0.01045360736834163,-0.011453607368341629,1.0
4,2026-02-25,base_plus_crowding,ridge_logistic_c01,0,0.008051394865717564,0.0070513948657175635,1.0
4,2026-03-04,base_plus_crowding,ridge_logistic_c01,0,0.029816562770070443,0.02891656277007044,0.9
4,2026-03-11,base_plus_crowding,ridge_logistic_c01,0,0.010728960100798185,0.009728960100798184,1.0
4,2026-03-18,base_plus_crowding,ridge_logistic_c01,0,-0.010453607368341628,-0.011453607368341629,1.0
4,2026-02-25,base_plus_crowding,tanh_mlp_16_8,442,0.08075981482663103,0.07975981482663103,1.0
4,2026-03-04,base_plus_crowding,tanh_mlp_16_8,442,0.01717215639873666,0.01647215639873666,0.7
4,2026-03-11,base_plus_crowding,tanh_mlp_16_8,442,0.012283147084584636,0.011683147084584636,0.6
4,2026-03-18,base_plus_crowding,tanh_mlp_16_8,442,-0.08803693969626744,-0.08863693969626744,0.6
4,2026-02-25,base_plus_crowding,tanh_mlp_16_8,2025,0.09678507298281043,0.09578507298281043,1.0
4,2026-03-04,base_plus_crowding,tanh_mlp_16_8,2025,0.003237658462910107,0.002637658462910107,0.6
4,2026-03-11,base_plus_crowding,tanh_mlp_16_8,2025,0.01008269926396164,0.009582699263961639,0.5
4,2026-03-18,base_plus_crowding,tanh_mlp_16_8,2025,-0.06059309090220013,-0.06129309090220013,0.7
4,2026-02-25,base_plus_crowding,tanh_mlp_16_8,9001,0.006673090132887159,0.005673090132887159,1.0
4,2026-03-04,base_plus_crowding,tanh_mlp_16_8,9001,0.006778364415919155,0.005978364415919155,0.8
4,2026-03-11,base_plus_crowding,tanh_mlp_16_8,9001,0.02021527201148887,0.01961527201148887,0.6
4,2026-03-18,base_plus_crowding,tanh_mlp_16_8,9001,-0.08004500553726121,-0.08074500553726122,0.7
4,2026-02-25,base_plus_regime,elastic_logistic_c1_l25,0,0.03418651712402123,0.03318651712402123,1.0
4,2026-03-04,base_plus_regime,elastic_logistic_c1_l25,0,0.0644203113367825,0.0635203113367825,0.9
4,2026-03-11,base_plus_regime,elastic_logistic_c1_l25,0,0.004627563774521028,0.0037275637745210286,0.9
4,2026-03-18,base_plus_regime,elastic_logistic_c1_l25,0,-0.01285145631564852,-0.01365145631564852,0.8
4,2026-02-25,base_plus_regime,ridge_logistic_c01,0,0.03418651712402123,0.03318651712402123,1.0
4,2026-03-04,base_plus_regime,ridge_logistic_c01,0,0.0644203113367825,0.0635203113367825,0.9
4,2026-03-11,base_plus_regime,ridge_logistic_c01,0,0.011128962198116234,0.010228962198116235,0.9
4,2026-03-18,base_plus_regime,ridge_logistic_c01,0,-0.01285145631564852,-0.01365145631564852,0.8
4,2026-02-25,base_plus_regime,tanh_mlp_16_8,442,0.035410013559868815,0.034410013559868814,1.0
4,2026-03-04,base_plus_regime,tanh_mlp_16_8,442,-0.006746604895350061,-0.007646604895350061,0.9
4,2026-03-11,base_plus_regime,tanh_mlp_16_8,442,-0.0012213454902613372,-0.001821345490261337,0.6
4,2026-03-18,base_plus_regime,tanh_mlp_16_8,442,-0.05993148394489336,-0.06053148394489336,0.6
4,2026-02-25,base_plus_regime,tanh_mlp_16_8,2025,0.0675845050672164,0.0665845050672164,1.0
4,2026-03-04,base_plus_regime,tanh_mlp_16_8,2025,0.004995749300588003,0.004295749300588003,0.7
4,2026-03-11,base_plus_regime,tanh_mlp_16_8,2025,0.0006473222953792858,-5.2677704620714204e-05,0.7
4,2026-03-18,base_plus_regime,tanh_mlp_16_8,2025,-0.06797269205188827,-0.06847269205188827,0.5
4,2026-02-25,base_plus_regime,tanh_mlp_16_8,9001,0.013823890568160278,0.012823890568160277,1.0
4,2026-03-04,base_plus_regime,tanh_mlp_16_8,9001,-0.018593622222569453,-0.019293622222569452,0.7
4,2026-03-11,base_plus_regime,tanh_mlp_16_8,9001,-0.00017555190963164727,-0.0006755519096316473,0.5
4,2026-03-18,base_plus_regime,tanh_mlp_16_8,9001,-0.04770054708312301,-0.04840054708312301,0.7
4,2026-02-25,graph_survivors,elastic_logistic_c1_l25,0,0.032956375138895676,0.031956375138895675,1.0
4,2026-03-04,graph_survivors,elastic_logistic_c1_l25,0,0.040178548784412085,0.039178548784412084,1.0
4,2026-03-11,graph_survivors,elastic_logistic_c1_l25,0,0.018002952312576617,0.017002952312576616,1.0
4,2026-03-18,graph_survivors,elastic_logistic_c1_l25,0,-0.013978622981495655,-0.014978622981495656,1.0
4,2026-02-25,graph_survivors,ridge_logistic_c01,0,0.032956375138895676,0.031956375138895675,1.0
4,2026-03-04,graph_survivors,ridge_logistic_c01,0,0.040178548784412085,0.039178548784412084,1.0
4,2026-03-11,graph_survivors,ridge_logistic_c01,0,0.011888992407343682,0.010988992407343683,0.9
4,2026-03-18,graph_survivors,ridge_logistic_c01,0,-0.013978622981495655,-0.014878622981495655,0.9
4,2026-02-25,graph_survivors,tanh_mlp_16_8,442,0.03923626612622446,0.03823626612622446,1.0
4,2026-03-04,graph_survivors,tanh_mlp_16_8,442,0.034578700060692615,0.03377870006069261,0.8
4,2026-03-11,graph_survivors,tanh_mlp_16_8,442,0.010161528542653536,0.009361528542653536,0.8
4,2026-03-18,graph_survivors,tanh_mlp_16_8,442,-0.056873819587959756,-0.057573819587959756,0.7
4,2026-02-25,graph_survivors,tanh_mlp_16_8,2025,0.038167059915442204,0.037167059915442203,1.0
4,2026-03-04,graph_survivors,tanh_mlp_16_8,2025,0.014302136998125135,0.013502136998125134,0.8
4,2026-03-11,graph_survivors,tanh_mlp_16_8,2025,0.008015857920066519,0.007215857920066519,0.8
4,2026-03-18,graph_survivors,tanh_mlp_16_8,2025,-0.051683970536254974,-0.05228397053625498,0.6
4,2026-02-25,graph_survivors,tanh_mlp_16_8,9001,0.05646661861593658,0.05546661861593658,1.0
4,2026-03-04,graph_survivors,tanh_mlp_16_8,9001,0.005389568774919817,0.004489568774919817,0.9
4,2026-03-11,graph_survivors,tanh_mlp_16_8,9001,0.01889741297954575,0.01819741297954575,0.7
4,2026-03-18,graph_survivors,tanh_mlp_16_8,9001,-0.07558977157958116,-0.07628977157958117,0.7
5,2026-03-25,base_only,elastic_logistic_c1_l25,0,-0.025754002845049136,-0.026754002845049137,1.0
5,2026-04-01,base_only,elastic_logistic_c1_l25,0,0.04343692076064472,0.04303692076064472,0.4
5,2026-04-09,base_only,elastic_logistic_c1_l25,0,0.0976819318592877,0.0967819318592877,0.9
5,2026-04-16,base_only,elastic_logistic_c1_l25,0,-0.010607002019243727,-0.011607002019243726,1.0
5,2026-03-25,base_only,ridge_logistic_c01,0,-0.025754002845049136,-0.026754002845049137,1.0
5,2026-04-01,base_only,ridge_logistic_c01,0,0.04343692076064472,0.04303692076064472,0.4
5,2026-04-09,base_only,ridge_logistic_c01,0,0.0976819318592877,0.0967819318592877,0.9
5,2026-04-16,base_only,ridge_logistic_c01,0,-0.010607002019243727,-0.011607002019243726,1.0
5,2026-03-25,base_only,tanh_mlp_16_8,442,-0.006168222366145977,-0.007168222366145977,1.0
5,2026-04-01,base_only,tanh_mlp_16_8,442,-0.0483434163183119,-0.0491434163183119,0.8
5,2026-04-09,base_only,tanh_mlp_16_8,442,0.0396833034736242,0.0387833034736242,0.9
5,2026-04-16,base_only,tanh_mlp_16_8,442,0.03996002450847031,0.03936002450847031,0.6
5,2026-03-25,base_only,tanh_mlp_16_8,2025,-0.015053798303602626,-0.016053798303602627,1.0
5,2026-04-01,base_only,tanh_mlp_16_8,2025,-0.04556938409561452,-0.046169384095614524,0.6
5,2026-04-09,base_only,tanh_mlp_16_8,2025,0.04480076141443279,0.04410076141443279,0.7
5,2026-04-16,base_only,tanh_mlp_16_8,2025,-0.008954610945984886,-0.009654610945984885,0.7
5,2026-03-25,base_only,tanh_mlp_16_8,9001,-0.028175617387461303,-0.029175617387461304,1.0
5,2026-04-01,base_only,tanh_mlp_16_8,9001,-0.02378960529553211,-0.02448960529553211,0.7
5,2026-04-09,base_only,tanh_mlp_16_8,9001,0.033045104165031536,0.03244510416503153,0.6
5,2026-04-16,base_only,tanh_mlp_16_8,9001,0.020715363460717864,0.020015363460717864,0.7
5,2026-03-25,base_plus_crowding,elastic_logistic_c1_l25,0,0.002565082369107267,0.001565082369107267,1.0
5,2026-04-01,base_plus_crowding,elastic_logistic_c1_l25,0,0.0443202445607548,0.0436202445607548,0.7
5,2026-04-09,base_plus_crowding,elastic_logistic_c1_l25,0,0.06978902501672496,0.06888902501672496,0.9
5,2026-04-16,base_plus_crowding,elastic_logistic_c1_l25,0,-0.005283442035458764,-0.0061834420354587635,0.9
5,2026-03-25,base_plus_crowding,ridge_logistic_c01,0,0.006732495675867737,0.0057324956758677366,1.0
5,2026-04-01,base_plus_crowding,ridge_logistic_c01,0,0.026458377136200348,0.02575837713620035,0.7
5,2026-04-09,base_plus_crowding,ridge_logistic_c01,0,0.06978902501672496,0.06888902501672496,0.9
5,2026-04-16,base_plus_crowding,ridge_logistic_c01,0,-0.005283442035458762,-0.006183442035458762,0.9
5,2026-03-25,base_plus_crowding,tanh_mlp_16_8,442,0.011278317033895284,0.010278317033895285,1.0
5,2026-04-01,base_plus_crowding,tanh_mlp_16_8,442,-0.03367060837466514,-0.034370608374665136,0.7
5,2026-04-09,base_plus_crowding,tanh_mlp_16_8,442,0.03352240466462354,0.03292240466462354,0.6
5,2026-04-16,base_plus_crowding,tanh_mlp_16_8,442,0.012312081665911722,0.011612081665911723,0.7
5,2026-03-25,base_plus_crowding,tanh_mlp_16_8,2025,0.010730284250944059,0.00973028425094406,1.0
5,2026-04-01,base_plus_crowding,tanh_mlp_16_8,2025,-0.020408384115700534,-0.021208384115700533,0.8
5,2026-04-09,base_plus_crowding,tanh_mlp_16_8,2025,0.03518193499426481,0.03428193499426481,0.9
5,2026-04-16,base_plus_crowding,tanh_mlp_16_8,2025,0.005264769235193402,0.004564769235193402,0.7
5,2026-03-25,base_plus_crowding,tanh_mlp_16_8,9001,-0.01920608889829751,-0.02020608889829751,1.0
5,2026-04-01,base_plus_crowding,tanh_mlp_16_8,9001,-0.03609733190221416,-0.03689733190221416,0.8
5,2026-04-09,base_plus_crowding,tanh_mlp_16_8,9001,0.047977561150795475,0.04717756115079547,0.8
5,2026-04-16,base_plus_crowding,tanh_mlp_16_8,9001,-0.015528476825336111,-0.01632847682533611,0.8
5,2026-03-25,base_plus_regime,elastic_logistic_c1_l25,0,-0.017850302353663736,-0.018850302353663737,1.0
5,2026-04-01,base_plus_regime,elastic_logistic_c1_l25,0,0.04860571583193807,0.04810571583193807,0.5
5,2026-04-09,base_plus_regime,elastic_logistic_c1_l25,0,0.09680060117408412,0.09590060117408412,0.9
5,2026-04-16,base_plus_regime,elastic_logistic_c1_l25,0,-0.0036522852649538704,-0.00465228526495387,1.0
5,2026-03-25,base_plus_regime,ridge_logistic_c01,0,-0.017850302353663736,-0.018850302353663737,1.0
5,2026-04-01,base_plus_regime,ridge_logistic_c01,0,0.04860571583193807,0.04810571583193807,0.5
5,2026-04-09,base_plus_regime,ridge_logistic_c01,0,0.09680060117408412,0.09590060117408412,0.9
5,2026-04-16,base_plus_regime,ridge_logistic_c01,0,-0.007445654792184052,-0.008445654792184051,1.0
5,2026-03-25,base_plus_regime,tanh_mlp_16_8,442,-0.009714241461154502,-0.010714241461154503,1.0
5,2026-04-01,base_plus_regime,tanh_mlp_16_8,442,-0.059012912154814454,-0.05961291215481446,0.6
5,2026-04-09,base_plus_regime,tanh_mlp_16_8,442,0.023785825427113872,0.023085825427113873,0.7
5,2026-04-16,base_plus_regime,tanh_mlp_16_8,442,0.0198344357835901,0.0193344357835901,0.5
5,2026-03-25,base_plus_regime,tanh_mlp_16_8,2025,-0.010167732342278232,-0.011167732342278233,1.0
5,2026-04-01,base_plus_regime,tanh_mlp_16_8,2025,-0.012926389317651835,-0.013826389317651835,0.9
5,2026-04-09,base_plus_regime,tanh_mlp_16_8,2025,0.0266210269268471,0.025821026926847103,0.8
5,2026-04-16,base_plus_regime,tanh_mlp_16_8,2025,0.021214782142074395,0.020614782142074396,0.6
5,2026-03-25,base_plus_regime,tanh_mlp_16_8,9001,-0.004258859361999164,-0.005258859361999164,1.0
5,2026-04-01,base_plus_regime,tanh_mlp_16_8,9001,0.02208569171856674,0.02138569171856674,0.7
5,2026-04-09,base_plus_regime,tanh_mlp_16_8,9001,0.05458837986881654,0.05368837986881654,0.9
5,2026-04-16,base_plus_regime,tanh_mlp_16_8,9001,-0.012370914751006167,-0.012870914751006168,0.5
5,2026-03-25,graph_survivors,elastic_logistic_c1_l25,0,0.00712116623706858,0.00612116623706858,1.0
5,2026-04-01,graph_survivors,elastic_logistic_c1_l25,0,0.006591379801382982,0.005891379801382982,0.7
5,2026-04-09,graph_survivors,elastic_logistic_c1_l25,0,0.0790692934030063,0.0781692934030063,0.9
5,2026-04-16,graph_survivors,elastic_logistic_c1_l25,0,-0.010046918725689514,-0.010946918725689514,0.9
5,2026-03-25,graph_survivors,ridge_logistic_c01,0,0.0017772406246257906,0.0007772406246257905,1.0
5,2026-04-01,graph_survivors,ridge_logistic_c01,0,0.006591379801382979,0.005891379801382979,0.7
5,2026-04-09,graph_survivors,ridge_logistic_c01,0,0.08072439086242877,0.07992439086242878,0.8
5,2026-04-16,graph_survivors,ridge_logistic_c01,0,-0.009136100312737707,-0.009936100312737707,0.8
5,2026-03-25,graph_survivors,tanh_mlp_16_8,442,-0.008960891634679332,-0.009960891634679333,1.0
5,2026-04-01,graph_survivors,tanh_mlp_16_8,442,-0.020159071533192355,-0.020859071533192355,0.7
5,2026-04-09,graph_survivors,tanh_mlp_16_8,442,0.040852936623793495,0.04025293662379349,0.6
5,2026-04-16,graph_survivors,tanh_mlp_16_8,442,-0.018658275094137165,-0.019358275094137165,0.7
5,2026-03-25,graph_survivors,tanh_mlp_16_8,2025,0.009223652299451827,0.008223652299451826,1.0
5,2026-04-01,graph_survivors,tanh_mlp_16_8,2025,-0.024580902592487668,-0.025380902592487667,0.8
5,2026-04-09,graph_survivors,tanh_mlp_16_8,2025,0.031304294547839256,0.030904294547839255,0.4
5,2026-04-16,graph_survivors,tanh_mlp_16_8,2025,-0.006819630967389944,-0.007419630967389944,0.6
5,2026-03-25,graph_survivors,tanh_mlp_16_8,9001,0.008566856678729477,0.0075668566787294765,1.0
5,2026-04-01,graph_survivors,tanh_mlp_16_8,9001,-0.026059985033335058,-0.02695998503333506,0.9
5,2026-04-09,graph_survivors,tanh_mlp_16_8,9001,0.03740715071327826,0.036507150713278265,0.9
5,2026-04-16,graph_survivors,tanh_mlp_16_8,9001,-0.02145410570175893,-0.02215410570175893,0.7
6,2026-04-23,base_only,elastic_logistic_c1_l25,0,-0.014549205514981484,-0.015549205514981485,1.0
6,2026-04-30,base_only,elastic_logistic_c1_l25,0,-0.011362886906793447,-0.011862886906793447,0.5
6,2026-05-07,base_only,elastic_logistic_c1_l25,0,-0.007698815400849313,-0.008298815400849313,0.6
6,2026-05-14,base_only,elastic_logistic_c1_l25,0,0.043683174315796866,0.043183174315796866,0.5
6,2026-04-23,base_only,ridge_logistic_c01,0,-0.014549205514981484,-0.015549205514981485,1.0
6,2026-04-30,base_only,ridge_logistic_c01,0,-0.011362886906793447,-0.011862886906793447,0.5
6,2026-05-07,base_only,ridge_logistic_c01,0,-0.007698815400849313,-0.008298815400849313,0.6
6,2026-05-14,base_only,ridge_logistic_c01,0,0.043683174315796866,0.043183174315796866,0.5
6,2026-04-23,base_only,tanh_mlp_16_8,442,-0.00993309707119075,-0.01093309707119075,1.0
6,2026-04-30,base_only,tanh_mlp_16_8,442,0.0011222115217766038,0.0003222115217766038,0.8
6,2026-05-07,base_only,tanh_mlp_16_8,442,0.01287756494518587,0.01217756494518587,0.7
6,2026-05-14,base_only,tanh_mlp_16_8,442,0.007056559213695832,0.006256559213695832,0.8
6,2026-04-23,base_only,tanh_mlp_16_8,2025,-0.017492446172151916,-0.018492446172151917,1.0
6,2026-04-30,base_only,tanh_mlp_16_8,2025,0.001322042979238588,0.000522042979238588,0.8
6,2026-05-07,base_only,tanh_mlp_16_8,2025,-0.020383699817725687,-0.02128369981772569,0.9
6,2026-05-14,base_only,tanh_mlp_16_8,2025,0.023455781330627576,0.022855781330627576,0.6
6,2026-04-23,base_only,tanh_mlp_16_8,9001,-0.011648733762391578,-0.01264873376239158,1.0
6,2026-04-30,base_only,tanh_mlp_16_8,9001,0.033099942916346846,0.032299942916346844,0.8
6,2026-05-07,base_only,tanh_mlp_16_8,9001,0.010841879011565912,0.010141879011565913,0.7
6,2026-05-14,base_only,tanh_mlp_16_8,9001,-0.013389462563376033,-0.013989462563376033,0.6
6,2026-04-23,base_plus_crowding,elastic_logistic_c1_l25,0,0.01693066543933315,0.01593066543933315,1.0
6,2026-04-30,base_plus_crowding,elastic_logistic_c1_l25,0,-0.008714718249498323,-0.009614718249498323,0.9
6,2026-05-07,base_plus_crowding,elastic_logistic_c1_l25,0,-0.013756947803434205,-0.014456947803434204,0.7
6,2026-05-14,base_plus_crowding,elastic_logistic_c1_l25,0,0.04096323086551923,0.040363230865519226,0.6
6,2026-04-23,base_plus_crowding,ridge_logistic_c01,0,0.01693066543933315,0.01593066543933315,1.0
6,2026-04-30,base_plus_crowding,ridge_logistic_c01,0,-0.008714718249498323,-0.009614718249498323,0.9
6,2026-05-07,base_plus_crowding,ridge_logistic_c01,0,-0.013756947803434207,-0.014456947803434206,0.7
6,2026-05-14,base_plus_crowding,ridge_logistic_c01,0,0.04096323086551923,0.040363230865519226,0.6
6,2026-04-23,base_plus_crowding,tanh_mlp_16_8,442,0.030716355014823747,0.029716355014823746,1.0
6,2026-04-30,base_plus_crowding,tanh_mlp_16_8,442,0.044271694844818056,0.04357169484481806,0.7
6,2026-05-07,base_plus_crowding,tanh_mlp_16_8,442,0.028068921852530758,0.02726892185253076,0.8
6,2026-05-14,base_plus_crowding,tanh_mlp_16_8,442,-0.022519990014114942,-0.02321999001411494,0.7
6,2026-04-23,base_plus_crowding,tanh_mlp_16_8,2025,-0.013583588101569627,-0.014583588101569626,1.0
6,2026-04-30,base_plus_crowding,tanh_mlp_16_8,2025,0.0893689085665873,0.0886689085665873,0.7
6,2026-05-07,base_plus_crowding,tanh_mlp_16_8,2025,0.01434058014786247,0.01364058014786247,0.7
6,2026-05-14,base_plus_crowding,tanh_mlp_16_8,2025,-0.00885743241338255,-0.009657432413382551,0.8
6,2026-04-23,base_plus_crowding,tanh_mlp_16_8,9001,0.00578486065392873,0.00478486065392873,1.0
6,2026-04-30,base_plus_crowding,tanh_mlp_16_8,9001,0.061477606073205585,0.06057760607320559,0.9
6,2026-05-07,base_plus_crowding,tanh_mlp_16_8,9001,-0.008094028970025272,-0.008894028970025272,0.8
6,2026-05-14,base_plus_crowding,tanh_mlp_16_8,9001,0.030465973670869118,0.02966597367086912,0.8
6,2026-04-23,base_plus_regime,elastic_logistic_c1_l25,0,-0.02268656330010083,-0.02368656330010083,1.0
6,2026-04-30,base_plus_regime,elastic_logistic_c1_l25,0,-0.014752292794295654,-0.015252292794295654,0.5
6,2026-05-07,base_plus_regime,elastic_logistic_c1_l25,0,-0.017186110940078415,-0.017786110940078415,0.6
6,2026-05-14,base_plus_regime,elastic_logistic_c1_l25,0,0.045068172736090914,0.044668172736090916,0.4
6,2026-04-23,base_plus_regime,ridge_logistic_c01,0,-0.022686563300100833,-0.023686563300100834,1.0
6,2026-04-30,base_plus_regime,ridge_logistic_c01,0,-0.014752292794295654,-0.015252292794295654,0.5
6,2026-05-07,base_plus_regime,ridge_logistic_c01,0,-0.017186110940078412,-0.017786110940078412,0.6
6,2026-05-14,base_plus_regime,ridge_logistic_c01,0,0.045068172736090914,0.044668172736090916,0.4
6,2026-04-23,base_plus_regime,tanh_mlp_16_8,442,-0.014137250669307294,-0.015137250669307295,1.0
6,2026-04-30,base_plus_regime,tanh_mlp_16_8,442,0.030120645545257157,0.029320645545257158,0.8
6,2026-05-07,base_plus_regime,tanh_mlp_16_8,442,-0.003118248495374388,-0.003918248495374388,0.8
6,2026-05-14,base_plus_regime,tanh_mlp_16_8,442,0.030627577862807807,0.029727577862807806,0.9
6,2026-04-23,base_plus_regime,tanh_mlp_16_8,2025,-0.02554395364693008,-0.02654395364693008,1.0
6,2026-04-30,base_plus_regime,tanh_mlp_16_8,2025,0.04053185746378023,0.03983185746378023,0.7
6,2026-05-07,base_plus_regime,tanh_mlp_16_8,2025,0.03193214878258431,0.03103214878258431,0.9
6,2026-05-14,base_plus_regime,tanh_mlp_16_8,2025,0.010394126126503098,0.009494126126503098,0.9
6,2026-04-23,base_plus_regime,tanh_mlp_16_8,9001,-0.0225837661368748,-0.023583766136874802,1.0
6,2026-04-30,base_plus_regime,tanh_mlp_16_8,9001,0.09567129960359821,0.09487129960359822,0.8
6,2026-05-07,base_plus_regime,tanh_mlp_16_8,9001,0.05054136421960067,0.04974136421960067,0.8
6,2026-05-14,base_plus_regime,tanh_mlp_16_8,9001,-0.011652568954678479,-0.012552568954678479,0.9
6,2026-04-23,graph_survivors,elastic_logistic_c1_l25,0,0.011176724685742195,0.010176724685742194,1.0
6,2026-04-30,graph_survivors,elastic_logistic_c1_l25,0,-0.019943004992569183,-0.020843004992569185,0.9
6,2026-05-07,graph_survivors,elastic_logistic_c1_l25,0,-0.007380693182681709,-0.008080693182681708,0.7
6,2026-05-14,graph_survivors,elastic_logistic_c1_l25,0,0.02851563941963274,0.02791563941963274,0.6
6,2026-04-23,graph_survivors,ridge_logistic_c01,0,0.011176724685742195,0.010176724685742194,1.0
6,2026-04-30,graph_survivors,ridge_logistic_c01,0,-0.01692070128539416,-0.01782070128539416,0.9
6,2026-05-07,graph_survivors,ridge_logistic_c01,0,-0.007380693182681709,-0.008080693182681708,0.7
6,2026-05-14,graph_survivors,ridge_logistic_c01,0,0.02851563941963274,0.02791563941963274,0.6
6,2026-04-23,graph_survivors,tanh_mlp_16_8,442,-0.04134719396450814,-0.04234719396450814,1.0
6,2026-04-30,graph_survivors,tanh_mlp_16_8,442,0.06783231558894146,0.06703231558894146,0.8
6,2026-05-07,graph_survivors,tanh_mlp_16_8,442,0.012659872902158352,0.011859872902158352,0.8
6,2026-05-14,graph_survivors,tanh_mlp_16_8,442,0.006596273966881292,0.005796273966881291,0.8
6,2026-04-23,graph_survivors,tanh_mlp_16_8,2025,-0.026090982762159,-0.027090982762159002,1.0
6,2026-04-30,graph_survivors,tanh_mlp_16_8,2025,0.08512053115851466,0.08422053115851466,0.9
6,2026-05-07,graph_survivors,tanh_mlp_16_8,2025,-0.013954828154523114,-0.014554828154523114,0.6
6,2026-05-14,graph_survivors,tanh_mlp_16_8,2025,-0.032319310065714014,-0.03311931006571402,0.8
6,2026-04-23,graph_survivors,tanh_mlp_16_8,9001,-0.007916517413568441,-0.008916517413568442,1.0
6,2026-04-30,graph_survivors,tanh_mlp_16_8,9001,0.049432770852567406,0.048632770852567404,0.8
6,2026-05-07,graph_survivors,tanh_mlp_16_8,9001,-0.014438898715519654,-0.015238898715519655,0.8
6,2026-05-14,graph_survivors,tanh_mlp_16_8,9001,0.012023580561098667,0.011223580561098666,0.8
