split,activation,loss,seed,feature_set,auc,brier,log_loss,ece_10,best_epoch,mean_net_return,mean_excess_return,win_rate,turnover,worst_net_return
1,relu,binary_cross_entropy,442,all_motion,0.47584043946216986,0.28092481332203195,0.7665035521981319,0.15277427176613667,25,0.029775670622797044,0.019170153101080528,0.6666666666666666,0.7333333333333334,-0.024677802394012495
1,relu,binary_cross_entropy,2025,all_motion,0.49406406694133054,0.2816603693320009,0.7646285804315992,0.16588818129306968,17,0.03325906521958233,0.022653547697865813,0.3333333333333333,0.9333333333333332,-0.011804701448648824
1,relu,binary_cross_entropy,9001,all_motion,0.4933576059531794,0.2761836019748996,0.751808438611265,0.14892043142094344,11,0.004528817961814341,-0.0060766995599021755,0.3333333333333333,0.6666666666666666,-0.03094203478776021
1,relu,brier_mse,442,all_motion,0.47359586087956307,0.2771990333112646,0.7554234350009321,0.14251227523081425,25,0.041801417953530394,0.03119590043181388,0.6666666666666666,0.7999999999999999,-0.024777802394012494
1,relu,brier_mse,2025,all_motion,0.49193574143272334,0.2800086581873655,0.7599433886314071,0.163246889757441,17,0.034530203591495494,0.02392468606977898,0.3333333333333333,0.9333333333333332,-0.027333439691850366
1,relu,brier_mse,9001,all_motion,0.4920289993931845,0.2767117923577393,0.7528718869788128,0.15276767913810854,11,0.0008699260481566639,-0.009735591473559853,0.3333333333333333,0.6999999999999998,-0.02910982240525657
1,relu,focal_gamma_1,442,all_motion,0.4705758359681901,0.26727386104433704,0.7309957727335709,0.12496654590964146,29,0.006127850442604145,-0.0044776670791123714,0.3333333333333333,0.6999999999999998,-0.03377691672259594
1,relu,focal_gamma_1,2025,all_motion,0.5029925585257577,0.26580653283038536,0.7266612788500402,0.14010877093820903,17,0.014953853009772018,0.004348335488055501,0.3333333333333333,0.8333333333333334,-0.03553297216315071
1,relu,focal_gamma_1,9001,all_motion,0.4857564434224394,0.2680438565851896,0.7317094947116307,0.13150157469258575,11,0.0012290855061129456,-0.009376432015603571,0.3333333333333333,0.7333333333333334,-0.03073641165558245
1,relu,focal_gamma_2,442,all_motion,0.47078790201526616,0.2644742702990499,0.7242484666211141,0.11557542319154754,43,0.007317385197969722,-0.0032881323237467946,0.3333333333333333,0.8000000000000002,-0.024154490175219166
1,relu,focal_gamma_2,2025,all_motion,0.5092459519018876,0.25930067667261636,0.7123795438665772,0.12597570386877524,20,0.017920264110982628,0.0073147465892661094,0.3333333333333333,0.7999999999999999,-0.0334288285269441
1,relu,focal_gamma_2,9001,all_motion,0.4722685318258759,0.265388400754202,0.7254180688960333,0.12422226661462152,14,-0.009140895240047428,-0.019746412761763945,0.0,0.7333333333333334,-0.029213336969927884
1,relu,return_aware_bce,442,all_motion,0.4755338379483249,0.2749166776555226,0.7497733474192799,0.13467661185905067,17,0.02582205478952464,0.015216537267808127,0.6666666666666666,0.6999999999999998,-0.02126398301528115
1,relu,return_aware_bce,2025,all_motion,0.49265242247133595,0.2828904717001413,0.7675211621857047,0.16908556592239862,17,0.0358853868074382,0.02527986928572168,0.3333333333333333,0.9333333333333332,-0.011804701448648824
1,relu,return_aware_bce,9001,all_motion,0.4939631439430232,0.2777930622067882,0.7558105362429172,0.15127207067373324,11,0.004528817961814341,-0.0060766995599021755,0.3333333333333333,0.6666666666666666,-0.03094203478776021
1,tanh,binary_cross_entropy,442,all_motion,0.5349021110791735,0.2547225968839949,0.7031970026285007,0.10316818831140284,13,0.027369866539286247,0.01676434901756973,0.6666666666666666,0.9333333333333332,-0.0063890635546121274
1,tanh,binary_cross_entropy,2025,all_motion,0.544037558685446,0.25847535925661014,0.7117621377769451,0.11275758806480689,24,0.026664106420146456,0.01605858889842994,0.3333333333333333,0.8666666666666667,-0.027250407653504304
1,tanh,binary_cross_entropy,9001,all_motion,0.46844240043435215,0.2615156450256984,0.7168554080200404,0.11427498159096226,15,-0.0030781642293052935,-0.01368368175102181,0.3333333333333333,0.8333333333333334,-0.01366471260399069
1,tanh,brier_mse,442,all_motion,0.5342122576730223,0.25457063174517486,0.7028463307141586,0.10257855247192155,13,0.027652595024786827,0.017047077503070312,0.6666666666666666,0.9333333333333332,-0.0063890635546121274
1,tanh,brier_mse,2025,all_motion,0.5436811344256012,0.2581355797608665,0.7109996609985229,0.1125195189675826,24,0.03815138370708525,0.027545866185368733,0.6666666666666666,0.8333333333333334,-0.009840271870534788
1,tanh,brier_mse,9001,all_motion,0.46851266328127494,0.26123763467938366,0.716280795182179,0.11715999319927063,15,-0.0030781642293052935,-0.01368368175102181,0.3333333333333333,0.8333333333333334,-0.01366471260399069
1,tanh,focal_gamma_1,442,all_motion,0.5292504231739644,0.25268167837909616,0.6988711942231779,0.08822741905178519,27,0.021957278658787712,0.011351761137071195,0.6666666666666666,0.8666666666666667,-0.011968800514540277
1,tanh,focal_gamma_1,2025,all_motion,0.5460700712209767,0.251660124442007,0.6967045591444339,0.10228164621942817,24,0.026058631972971206,0.01545311445125469,0.3333333333333333,0.8666666666666667,-0.029066830995030046
1,tanh,focal_gamma_1,9001,all_motion,0.4660266360065153,0.2611908941742087,0.7160872055960867,0.11334414382823726,27,0.0007397106994571483,-0.00986580682225937,0.3333333333333333,0.9,-0.02173085436949527
1,tanh,focal_gamma_2,442,all_motion,0.5260081121650537,0.2509787331694312,0.6952165806809859,0.08705043040522276,36,0.00866183837231455,-0.0019436791494019656,0.3333333333333333,0.8666666666666667,-0.015243138310473702
1,tanh,focal_gamma_2,2025,all_motion,0.5433783654306793,0.25054849518469524,0.6943816648313467,0.09399355473871385,36,0.019064310034591827,0.00845879251287531,0.6666666666666666,0.8333333333333334,-0.024149897574089384
1,tanh,focal_gamma_2,9001,all_motion,0.46878349461850477,0.2563370635257332,0.7059859032227553,0.09568167675062281,27,0.0009175457023034133,-0.009687971819413103,0.3333333333333333,0.8333333333333334,-0.025124238420172973
1,tanh,return_aware_bce,442,all_motion,0.5343425633164063,0.25581468299998017,0.7055382546991349,0.10677291119154482,13,0.027369866539286247,0.01676434901756973,0.6666666666666666,0.9333333333333332,-0.0063890635546121274
1,tanh,return_aware_bce,2025,all_motion,0.5353875634760946,0.2563256850260427,0.7064759112942001,0.11382605972478553,16,0.031086438698774765,0.020480921177058246,0.6666666666666666,0.7666666666666666,-0.008686542033152254
1,tanh,return_aware_bce,9001,all_motion,0.46737696017374086,0.26265922266046543,0.7192734953637366,0.11854655410602051,15,-0.00617607120361567,-0.016781588725332187,0.3333333333333333,0.7666666666666666,-0.02138143342138078
1,leaky_relu,binary_cross_entropy,442,all_motion,0.4695206157580403,0.2738464554168194,0.7472228950312589,0.12745211256857847,17,0.028049983210305347,0.01744446568858883,0.6666666666666666,0.6666666666666666,-0.022477577603407718
1,leaky_relu,binary_cross_entropy,2025,all_motion,0.4980077289131615,0.27668507888234156,0.7535294821941314,0.16405198382041564,17,0.03845024333457333,0.027844725812856814,0.6666666666666666,0.8333333333333334,-0.03426876128630351
1,leaky_relu,binary_cross_entropy,9001,all_motion,0.4914055763150331,0.27363182155618787,0.7455495655001422,0.14758815716625712,11,0.0034495715299279936,-0.007155945991788526,0.3333333333333333,0.7999999999999999,-0.029671324569812217
1,leaky_relu,brier_mse,442,all_motion,0.4682890996774297,0.2732509600719026,0.7456539998966734,0.13133904278494268,17,0.02572271455603792,0.015117197034321406,0.6666666666666666,0.7000000000000001,-0.022477577603407718
1,leaky_relu,brier_mse,2025,all_motion,0.495979048896554,0.2762247248911488,0.7519314751899199,0.15901693906007125,17,0.03725649052054101,0.026650972998824494,0.6666666666666666,0.8666666666666667,-0.031873006231656384
1,leaky_relu,brier_mse,9001,all_motion,0.4902647631822682,0.27521045988426585,0.7494116372778813,0.15043326131414866,15,-0.0029012668549961962,-0.013506784376712712,0.3333333333333333,0.7666666666666666,-0.02735505408529949
1,leaky_relu,focal_gamma_1,442,all_motion,0.47704512791031906,0.26414550650895213,0.723967536634462,0.11378699464717192,29,0.02034339725256919,0.009737879730852673,0.6666666666666666,0.6999999999999998,-0.031051314899031013
1,leaky_relu,focal_gamma_1,2025,all_motion,0.5051183290217496,0.26584399432677763,0.7273250797526956,0.13470818714505775,23,0.03552239780077884,0.02491688027906232,0.6666666666666666,0.8333333333333334,-0.04034945262099631
1,leaky_relu,focal_gamma_1,9001,all_motion,0.48107438280476505,0.26685147197774484,0.7290017786464638,0.1248611943564759,15,-0.003024254814735436,-0.013629772336451953,0.0,0.7000000000000001,-0.02335537649839896
1,leaky_relu,focal_gamma_2,442,all_motion,0.4741835137810993,0.2573512265893407,0.7085468495922566,0.09862335141285936,29,0.0215334460429271,0.010927928521210583,0.6666666666666666,0.6999999999999998,-0.023924982319105902
1,leaky_relu,focal_gamma_2,2025,all_motion,0.5178435693526237,0.2596700038024552,0.7135119168048424,0.1228290631865694,32,0.024201276737936612,0.013595759216220096,0.3333333333333333,0.9333333333333332,-0.041986300463237
1,leaky_relu,focal_gamma_2,9001,all_motion,0.47467279869694357,0.26270113296472897,0.719600940213138,0.11713443794395095,14,-0.003024254814735436,-0.013629772336451953,0.0,0.7000000000000001,-0.02335537649839896
1,leaky_relu,return_aware_bce,442,all_motion,0.4697326818051164,0.2753420217147289,0.7510756886022559,0.13513412895204943,17,0.028049983210305347,0.01744446568858883,0.6666666666666666,0.6666666666666666,-0.022477577603407718
1,leaky_relu,return_aware_bce,2025,all_motion,0.49821851745393,0.27785673141095024,0.7561956470688725,0.1671854727494005,17,0.04105627400184542,0.030450756480128915,0.6666666666666666,0.8333333333333334,-0.026450669284487225
1,leaky_relu,return_aware_bce,9001,all_motion,0.4911449650282649,0.27512948451066005,0.7492354135472699,0.15094119893940602,11,0.0034495715299279936,-0.007155945991788526,0.3333333333333333,0.7999999999999999,-0.029671324569812217
1,gelu,binary_cross_entropy,442,all_motion,0.4673897352368177,0.29668756289817627,0.8080520216225101,0.19171946594243247,29,0.02062846155459226,0.010022944032875746,0.6666666666666666,0.7666666666666666,-0.02841872003061705
1,gelu,binary_cross_entropy,2025,all_motion,0.4930880521222573,0.28233698507444704,0.7666858127888239,0.1666898384681982,17,0.00947627521130147,-0.0011292423104150434,0.3333333333333333,0.8666666666666667,-0.044169513671424916
1,gelu,binary_cross_entropy,9001,all_motion,0.48305835010060355,0.2815584984001679,0.767125420718786,0.16034249488388966,15,-0.0058468243710160265,-0.016452341892732543,0.0,0.7333333333333334,-0.03490174820053388
1,gelu,brier_mse,442,all_motion,0.4658401200855929,0.2945292131556222,0.801724963380356,0.18629750769166445,29,0.009431869213208767,-0.0011736483085077489,0.6666666666666666,0.7666666666666666,-0.02841872003061705
1,gelu,brier_mse,2025,all_motion,0.4920686020887228,0.28199200996559437,0.7656675155063339,0.1647857929429689,17,0.00922262834789094,-0.0013828891738255772,0.3333333333333333,0.8333333333333334,-0.038976896227601705
1,gelu,brier_mse,9001,all_motion,0.48230078886014505,0.2810876983907618,0.7652912453821002,0.16135838255366075,15,-0.0058468243710160265,-0.016452341892732543,0.0,0.7333333333333334,-0.03490174820053388
1,gelu,focal_gamma_1,442,all_motion,0.46360448404714005,0.27468910430003324,0.747272705738966,0.14486343455338027,29,0.01742788646255276,0.0068223689408362445,0.6666666666666666,0.7666666666666666,-0.033078461121733065
1,gelu,focal_gamma_1,2025,all_motion,0.4965015489763981,0.2690287829427902,0.7337886180915667,0.13894820648161849,20,0.02601099944641767,0.015405481924701153,0.6666666666666666,0.7999999999999999,-0.036188237367357046
1,gelu,focal_gamma_1,9001,all_motion,0.4633400402414487,0.2748144475869729,0.7481444503059475,0.14355662225965052,23,-0.018001232956785438,-0.028606750478501957,0.0,0.8000000000000002,-0.033600575757092105
1,gelu,focal_gamma_2,442,all_motion,0.46960876369327076,0.2643582603598884,0.7235847892429065,0.1185465592020457,34,0.013642378227934926,0.0030368607062184103,0.6666666666666666,0.7333333333333334,-0.033078461121733065
1,gelu,focal_gamma_2,2025,all_motion,0.5078279199003545,0.2622388573207846,0.7188458270536772,0.1241153849466088,27,0.021188916997206448,0.010583399475489934,0.6666666666666666,0.7999999999999999,-0.036188237367357046
1,gelu,focal_gamma_2,9001,all_motion,0.4581763597457762,0.267717711011487,0.7309140324454448,0.12257397583889233,25,-0.024678133598613258,-0.03528365112032977,0.0,0.7666666666666666,-0.03543278813959574
1,gelu,return_aware_bce,442,all_motion,0.4683657500558909,0.29839273711920494,0.8132999428461861,0.19620416388375767,29,0.026895923519398606,0.016290405997682087,0.6666666666666666,0.8000000000000002,-0.02841872003061705
1,gelu,return_aware_bce,2025,all_motion,0.49217974513749163,0.2841734672070895,0.7712696044698982,0.17238437735771203,17,0.009345372498359263,-0.0012601450233572509,0.3333333333333333,0.8333333333333334,-0.044169513671424916
1,gelu,return_aware_bce,9001,all_motion,0.48346970713167897,0.28332162119055865,0.7718472767206918,0.16454091168396107,15,-0.0058468243710160265,-0.016452341892732543,0.0,0.7333333333333334,-0.03490174820053388
2,relu,binary_cross_entropy,442,all_motion,0.5286015497404317,0.25641666033424537,0.709758209213546,0.08283217493004755,1,0.002196458018803154,-0.01762250441024817,0.0,0.9666666666666667,-0.001297043302993494
2,relu,binary_cross_entropy,2025,all_motion,0.4788039111897898,0.26654217329959407,0.7295465445746292,0.09860545963565626,1,-0.00848970151993119,-0.028308663948982515,0.0,0.8666666666666666,-0.012830281429713885
2,relu,binary_cross_entropy,9001,all_motion,0.5295948119025498,0.26774701464469514,0.737516364432902,0.11296851025593227,3,0.04099058380417268,0.021171621375121342,0.6666666666666666,0.6,-0.01805838855934101
2,relu,brier_mse,442,all_motion,0.5307427212114277,0.25697906976274887,0.711512567641182,0.08473942767160286,1,0.0024565853724490285,-0.017362377056602298,0.0,0.9666666666666667,-0.001297043302993494
2,relu,brier_mse,2025,all_motion,0.4816680266395426,0.2683942896257201,0.7340863532277995,0.10150280950931068,1,-0.007727778687441555,-0.02754674111649288,0.0,0.8333333333333334,-0.012830281429713885
2,relu,brier_mse,9001,all_motion,0.5301668806161746,0.2679139580856249,0.737938970083066,0.11417615997199027,3,0.04099058380417268,0.021171621375121342,0.6666666666666666,0.6,-0.01805838855934101
2,relu,focal_gamma_1,442,all_motion,0.5129230951054806,0.27635411506246427,0.7566979168682662,0.1287159651300382,24,0.02342040959839077,0.003601447169339444,0.6666666666666666,0.8666666666666667,-0.005428984663133106
2,relu,focal_gamma_1,2025,all_motion,0.4824777238957502,0.25975264611670323,0.7134189469675349,0.0885980703032853,2,0.006371654587890106,-0.013447307841161221,0.0,0.8666666666666666,-0.011422354254653365
2,relu,focal_gamma_1,9001,all_motion,0.5273015078725456,0.26112492244153024,0.7189472546615274,0.09807199012575958,3,0.029073234958400793,0.009254272529349466,0.6666666666666666,0.7666666666666666,-0.014706216762234358
2,relu,focal_gamma_2,442,all_motion,0.5056647375587628,0.28254798561373123,0.77391817712613,0.14087193030207276,48,0.018231270299547766,-0.0015876921295035565,0.6666666666666666,0.8000000000000002,-0.022782191574503306
2,relu,focal_gamma_2,2025,all_motion,0.4845686036117024,0.2560401378833414,0.7054593667149494,0.08230020799754009,3,-0.0027172814502402706,-0.022536243879291595,0.3333333333333333,0.9333333333333332,-0.043788895398921245
2,relu,focal_gamma_2,9001,all_motion,0.5487521986926658,0.2615593721382942,0.7221173822739272,0.10417156824520826,18,0.03952944668450655,0.019710484255455227,0.6666666666666666,0.7666666666666666,-0.012914312136064476
2,relu,return_aware_bce,442,all_motion,0.5289271888543412,0.25664529222458726,0.7103475242201313,0.07819890424644874,1,0.0007559811851265207,-0.019062981243924804,0.0,0.9333333333333332,-0.003733018101621465
2,relu,return_aware_bce,2025,all_motion,0.47965887102553684,0.26749229274901615,0.7318931030498007,0.10131736229979028,1,-0.00848970151993119,-0.028308663948982515,0.0,0.8666666666666666,-0.012830281429713885
2,relu,return_aware_bce,9001,all_motion,0.5305377823096238,0.26875956710818977,0.7403635061627353,0.11421818319301034,3,0.04179252402603086,0.021973561596979527,0.6666666666666666,0.6,-0.015652567893766456
2,tanh,binary_cross_entropy,442,all_motion,0.5528798944878979,0.24996066028882574,0.6943971352008583,0.06637489415177884,1,0.03894637499785256,0.019127412568801235,1.0,0.8000000000000002,0.01694659234981684
2,tanh,binary_cross_entropy,2025,all_motion,0.5091549853588128,0.25842299708499905,0.7109773171013586,0.08552228853712424,1,0.014270194048589459,-0.005548768380461867,0.3333333333333333,0.7333333333333334,-0.0101168254640555
2,tanh,binary_cross_entropy,9001,all_motion,0.5604462890342601,0.2527985537993703,0.6997423760209474,0.0882337114196979,2,0.040672198263913543,0.02085323583486222,0.6666666666666666,0.5666666666666668,0.0002758390854932017
2,tanh,brier_mse,442,all_motion,0.5543622439678183,0.2502588442347957,0.6951674891008441,0.06644283107433938,1,0.03300921024972792,0.013190247820676603,1.0,0.7666666666666666,0.011790149997175791
2,tanh,brier_mse,2025,all_motion,0.5110484699362174,0.25899457363377193,0.7122822374273258,0.0888107043518533,1,0.015757043827530612,-0.004061918601520714,0.3333333333333333,0.7333333333333334,-0.00565627612723204
2,tanh,brier_mse,9001,all_motion,0.5612295831190695,0.2525014895284728,0.6991100504181038,0.08740530620322569,2,0.040672198263913543,0.02085323583486222,0.6666666666666666,0.5666666666666668,0.0002758390854932017
2,tanh,focal_gamma_1,442,all_motion,0.5319698400345001,0.25133754489012516,0.6958714324284178,0.07470992164281626,11,0.02950691431864753,0.009687951889596204,0.3333333333333333,0.7333333333333334,0.004677211897369516
2,tanh,focal_gamma_1,2025,all_motion,0.5170017564395449,0.2529918813209284,0.6992803288502033,0.07582520489582363,2,0.02724313744666414,0.0074241750176128165,0.6666666666666666,0.7000000000000001,-0.0040708067065222
2,tanh,focal_gamma_1,9001,all_motion,0.539775120417321,0.2556955136230369,0.70545165290384,0.0945406768037798,2,0.04093608860390182,0.02111712617485049,0.6666666666666666,0.8333333333333334,-0.0019552183951810124
2,tanh,focal_gamma_2,442,all_motion,0.48103309323211274,0.26802008172184005,0.7314272759342629,0.11353135167333889,49,0.01465264135640971,-0.005166321072641613,0.3333333333333333,0.8333333333333334,-0.003419784737937414
2,tanh,focal_gamma_2,2025,all_motion,0.5113590215236139,0.2522985812750148,0.6978298111640427,0.07205519862092513,2,0.020145975387463152,0.000327012958411826,0.6666666666666666,0.8333333333333334,-0.013614225955476176
2,tanh,focal_gamma_2,9001,all_motion,0.5218649691522947,0.2571513082715008,0.7083292584673193,0.0943201828403593,2,0.04437681153445484,0.024557849105403515,0.6666666666666666,0.8000000000000002,-0.0033698083281027626
2,tanh,return_aware_bce,442,all_motion,0.5548877928080276,0.24999028391006334,0.6945347918024188,0.06487805156803642,1,0.03860591925678482,0.018786956827733493,1.0,0.7666666666666666,0.013962148351368176
2,tanh,return_aware_bce,2025,all_motion,0.5110509845239697,0.25845572088396646,0.711100242143492,0.08654746747155688,1,0.015757043827530612,-0.004061918601520714,0.3333333333333333,0.7333333333333334,-0.00565627612723204
2,tanh,return_aware_bce,9001,all_motion,0.5622090150485504,0.2526566836592269,0.6994701056419952,0.08864639390751915,2,0.04315867735473739,0.02333971492568607,0.6666666666666666,0.5666666666666668,0.0002758390854932017
2,leaky_relu,binary_cross_entropy,442,all_motion,0.5364332332946506,0.2572830833955505,0.7128945890292758,0.08539438693063331,1,0.006664467736714309,-0.013154494692337017,0.3333333333333333,0.9333333333333332,-0.001297043302993494
2,leaky_relu,binary_cross_entropy,2025,all_motion,0.489607837467106,0.26484240933911574,0.7259812176028367,0.08852195295779698,1,0.001398999855906577,-0.01841996257314475,0.0,0.8333333333333334,-0.00012939743361918218
2,leaky_relu,binary_cross_entropy,9001,all_motion,0.5332623381391296,0.26619589612309114,0.7333538335881912,0.11072153309862519,3,0.03514103446157114,0.015322072032519812,0.6666666666666666,0.6666666666666666,-0.015752567893766455
2,leaky_relu,brier_mse,442,all_motion,0.5375874290729092,0.25803888919467655,0.7152128750526685,0.09118534529236122,1,0.014184229279716576,-0.005634733149334748,0.3333333333333333,0.9333333333333332,-0.001297043302993494
2,leaky_relu,brier_mse,2025,all_motion,0.49061241527410887,0.2673612860651495,0.7321180713516136,0.09974536435555721,1,0.0012786632580964804,-0.018540299170954844,0.0,0.7666666666666666,-0.004771180384751061
2,leaky_relu,brier_mse,9001,all_motion,0.5326336912010803,0.26678097253730015,0.7348278373129216,0.10859222159555304,3,0.03459891585393798,0.014779953424886652,0.6666666666666666,0.6333333333333333,-0.015652567893766456
2,leaky_relu,focal_gamma_1,442,all_motion,0.5110421834668369,0.29474612046194976,0.8252859292393254,0.15537955499025968,38,0.015620123921164311,-0.004198838507887014,0.3333333333333333,0.8333333333333334,0.0009440891818397141
2,leaky_relu,focal_gamma_1,2025,all_motion,0.5041635286707009,0.25721144096834164,0.7082001979700553,0.08624979742557563,3,0.002361055143405457,-0.01745790728564587,0.3333333333333333,0.9333333333333332,-0.0349979030092761
2,leaky_relu,focal_gamma_1,9001,all_motion,0.5355204379406029,0.25892954131827284,0.7139259879212283,0.08760442137850749,3,0.03175257826807542,0.011933615839024095,0.6666666666666666,0.7333333333333334,-0.01014155890436017
2,leaky_relu,focal_gamma_2,442,all_motion,0.5047393692659541,0.2828509235243934,0.7759590284531083,0.13935031594973002,46,0.020289808192786713,0.00047084576373538956,0.3333333333333333,0.8000000000000002,-0.009961279778017628
2,leaky_relu,focal_gamma_2,2025,all_motion,0.497975128212543,0.2542206801156213,0.7017409383138667,0.07927172258238573,3,0.017153826069068446,-0.00266513635998288,0.6666666666666666,0.9333333333333332,-0.02899514569547299
2,leaky_relu,focal_gamma_2,9001,all_motion,0.5333679508247219,0.2566725484328403,0.7082715431415929,0.08342800841108645,3,0.02550444890032121,0.005685486471269885,0.3333333333333333,0.7999999999999999,-0.0053283339975788045
2,leaky_relu,return_aware_bce,442,all_motion,0.5372617899589996,0.257466791892075,0.7134792815196938,0.08814676596347398,1,0.006664467736714309,-0.013154494692337017,0.3333333333333333,0.9333333333333332,-0.001297043302993494
2,leaky_relu,return_aware_bce,2025,all_motion,0.49023522711127937,0.2656930008976514,0.7280774400856396,0.0928671691470393,1,-0.005545353256152984,-0.02536431568520431,0.0,0.8333333333333334,-0.013988132916655382
2,leaky_relu,return_aware_bce,9001,all_motion,0.5338331495588784,0.26726308549855843,0.7362475373988605,0.11469194681500283,3,0.03514103446157114,0.015322072032519812,0.6666666666666666,0.6666666666666666,-0.015752567893766455
2,gelu,binary_cross_entropy,442,all_motion,0.5282256188714781,0.2570011532155735,0.7116418158238672,0.07729648370757959,1,0.007640610942619564,-0.01217835148643176,0.0,0.8666666666666667,0.0006884123994084342
2,gelu,binary_cross_entropy,2025,all_motion,0.4721477974097231,0.2669091224605459,0.7302644672474894,0.09962998034228845,1,0.010553310435011445,-0.009265651994039881,0.3333333333333333,0.9,-0.02192902769007535
2,gelu,binary_cross_entropy,9001,all_motion,0.5272575025868821,0.27009944225107513,0.7455533873264052,0.11962686241253345,3,0.03777657349610044,0.017957611067049115,0.6666666666666666,0.6333333333333333,-0.015652567893766456
2,gelu,brier_mse,442,all_motion,0.5300650398122106,0.25775083224016915,0.714011266926353,0.07870723792230132,1,0.00628175855760121,-0.013537203871450113,0.0,0.8666666666666667,0.0004579161730325583
2,gelu,brier_mse,2025,all_motion,0.4744310430887184,0.26872835199015466,0.7347487694742152,0.10386855250411094,1,0.00982982751777163,-0.009989134911279694,0.3333333333333333,0.8666666666666666,-0.021829027690075352
2,gelu,brier_mse,9001,all_motion,0.5273995767948813,0.2704415417851953,0.746341744537977,0.12077974984401703,3,0.03777657349610044,0.017957611067049115,0.6666666666666666,0.6333333333333333,-0.015652567893766456
2,gelu,focal_gamma_1,442,all_motion,0.473865260844474,0.2933802945981947,0.8039682522751559,0.14419425430395594,32,0.010962116199589129,-0.008856846229462196,0.3333333333333333,0.7999999999999999,-0.01605791972666254
2,gelu,focal_gamma_1,2025,all_motion,0.47609444288679703,0.2608385820547044,0.7156914367351881,0.08940706042768239,2,0.026533272967025585,0.006714310537974261,0.6666666666666666,0.8666666666666666,-0.001498991919094605
2,gelu,focal_gamma_1,9001,all_motion,0.5275064467743498,0.2627613801591525,0.724014872488262,0.09407330991210007,3,0.03365256153325204,0.013833599104200714,0.6666666666666666,0.7666666666666666,0.0031520007794435985
2,gelu,focal_gamma_2,442,all_motion,0.48283730994431445,0.27820249255643215,0.7594270758192769,0.11537075433594046,38,0.016482817860437985,-0.0033361445686133397,0.6666666666666666,0.7333333333333334,-0.020105260106594025
2,gelu,focal_gamma_2,2025,all_motion,0.4806068706081153,0.2569752999987935,0.7073929656341937,0.0844657992109358,3,0.017910625057466354,-0.0019083373715849717,0.6666666666666666,0.9,-0.024382391256441524
2,gelu,focal_gamma_2,9001,all_motion,0.5244562518309341,0.2801244178881261,0.7761953134979578,0.14684676128811594,49,0.035013796944242837,0.015194834515191514,1.0,0.8333333333333334,0.022337442415071577
2,gelu,return_aware_bce,442,all_motion,0.5286593852587322,0.2572231418192112,0.7122571870181389,0.07820962254443957,1,0.00756377886716094,-0.012255183561890386,0.0,0.8666666666666667,0.0004579161730325583
2,gelu,return_aware_bce,2025,all_motion,0.4725991659112426,0.2678760393272097,0.7326496775828999,0.10214830674720717,1,0.00982982751777163,-0.009989134911279694,0.3333333333333333,0.8666666666666666,-0.021829027690075352
2,gelu,return_aware_bce,9001,all_motion,0.5276145740476943,0.2712124501201453,0.7487554048421923,0.121195276790917,3,0.03777657349610044,0.017957611067049115,0.6666666666666666,0.6333333333333333,-0.015652567893766456
3,relu,binary_cross_entropy,442,all_motion,0.5062270252273718,0.2565992061011508,0.7079968236553944,0.0765738798256413,2,0.0017589344002588274,-0.007572043643784199,0.0,0.9,-0.004542562354148394
3,relu,binary_cross_entropy,2025,all_motion,0.4598234195778915,0.2567805974904528,0.7070440260873335,0.08034412013585222,2,-0.005363145556559316,-0.014694123600602344,0.3333333333333333,0.8333333333333334,-0.04148570935385001
3,relu,binary_cross_entropy,9001,all_motion,0.4813872507792323,0.26382947191898837,0.7233056700674854,0.10352871094360613,4,0.010080282970386857,0.0007493049263438296,0.3333333333333333,0.7999999999999999,-0.043295082797577676
3,relu,brier_mse,442,all_motion,0.5016628176093441,0.2595051276408172,0.7141845967808516,0.08907066673690359,5,0.001172858086511674,-0.008158119957531353,0.6666666666666666,0.8666666666666667,-0.036348697805914244
3,relu,brier_mse,2025,all_motion,0.4593401651512685,0.2568584412415998,0.7072118226122591,0.07931026938262886,2,-0.004779356262579688,-0.014110334306622715,0.3333333333333333,0.8333333333333334,-0.04148570935385001
3,relu,brier_mse,9001,all_motion,0.48979885932078526,0.2644409311534396,0.7249915192684265,0.09596857271262432,6,0.006146829998003457,-0.0031841480460395705,0.3333333333333333,0.8333333333333334,-0.04797670060993071
3,relu,focal_gamma_1,442,all_motion,0.5103278552075323,0.25289962243483965,0.6993304411251072,0.06144812911998021,10,0.0070849104299845036,-0.0022460676140585237,0.6666666666666666,0.9333333333333332,-0.02721233225520856
3,relu,focal_gamma_1,2025,all_motion,0.4640174220053444,0.25906077232519004,0.7121179919270647,0.08744995168596037,11,0.004402569412321564,-0.004928408631721463,0.3333333333333333,0.8333333333333334,-0.01753790641259537
3,relu,focal_gamma_1,9001,all_motion,0.49833718239065594,0.2563722049254036,0.7066017779231416,0.06326735850033512,8,0.016811803051247173,0.007480825007204144,0.6666666666666666,0.7999999999999999,-0.027436416370302506
3,relu,focal_gamma_2,442,all_motion,0.5132783160384566,0.251104988819927,0.6954226820867633,0.04540315524449219,13,-0.003225911601598356,-0.012556889645641384,0.3333333333333333,0.9,-0.026464645931246134
3,relu,focal_gamma_2,2025,all_motion,0.49022248338114116,0.2583654729227562,0.7108538920553701,0.06896782476264533,26,0.005530870724545091,-0.0038001073194979377,0.6666666666666666,0.7000000000000001,-0.019564452249266805
3,relu,focal_gamma_2,9001,all_motion,0.5018466779053343,0.2538331616944686,0.7011353051364929,0.05192120629108008,11,0.021537314798843927,0.012206336754800895,0.3333333333333333,0.7666666666666666,-0.0250525813955211
3,relu,return_aware_bce,442,all_motion,0.5070457004642472,0.25700433044157994,0.7089766499101103,0.08044164810770742,2,0.0017589344002588274,-0.007572043643784199,0.0,0.9,-0.004542562354148394
3,relu,return_aware_bce,2025,all_motion,0.46043338853283206,0.25691809179468633,0.7073373040346156,0.07815406670305515,2,-0.001947108431878485,-0.011278086475921512,0.3333333333333333,0.8333333333333334,-0.04148570935385001
3,relu,return_aware_bce,9001,all_motion,0.48058348313392363,0.26497090584147703,0.7260149169960078,0.10349806162868894,4,0.010080282970386857,0.0007493049263438296,0.3333333333333333,0.7999999999999999,-0.043295082797577676
3,tanh,binary_cross_entropy,442,all_motion,0.5025224887230282,0.2551622612980787,0.7038622965069918,0.07442172598702508,4,0.004259094450327763,-0.005071883593715264,0.6666666666666666,0.9,-0.01856623741027205
3,tanh,binary_cross_entropy,2025,all_motion,0.4889516112000736,0.26039007709153894,0.7150818381258607,0.09145369901616067,9,0.004178656461009731,-0.005152321583033297,0.6666666666666666,0.7999999999999999,-0.035162925033161194
3,tanh,binary_cross_entropy,9001,all_motion,0.4760565444948128,0.2587041460631933,0.7110707013962426,0.08930513535162381,1,0.015345271315195872,0.0060142932711528445,0.6666666666666666,0.8666666666666666,-0.03443260767752464
3,tanh,brier_mse,442,all_motion,0.5035970776151332,0.2547911062987454,0.7030570582728969,0.07751938458877064,4,0.00881778554100497,-0.000513192503038057,0.6666666666666666,0.8666666666666667,-0.0170587289351108
3,tanh,brier_mse,2025,all_motion,0.4917753575026802,0.2603009045463078,0.7150232367124075,0.0890709556488288,10,0.0076186545653482195,-0.0017123234786948066,0.6666666666666666,0.7999999999999999,-0.035162925033161194
3,tanh,brier_mse,9001,all_motion,0.4762515854844781,0.25900366828476545,0.7117148405623912,0.09099304054592162,1,0.01644435185575169,0.007113373811708667,0.6666666666666666,0.8666666666666666,-0.03443260767752464
3,tanh,focal_gamma_1,442,all_motion,0.5101377834150559,0.2502188519565049,0.6935296972498742,0.04683437004247025,4,0.016406358397103752,0.007075380353060725,0.6666666666666666,0.9333333333333332,-0.011366467768905219
3,tanh,focal_gamma_1,2025,all_motion,0.50347284768541,0.25514715001065896,0.7039291116536456,0.06551196349810828,17,0.015564406315798765,0.006233428271755738,0.6666666666666666,0.8333333333333334,-0.007613397212445794
3,tanh,focal_gamma_1,9001,all_motion,0.47333590903387623,0.26194042410393037,0.718734020551896,0.09759394396696422,27,0.011945026430268735,0.002614048386225705,0.6666666666666666,0.7999999999999999,-0.021652405910154937
3,tanh,focal_gamma_2,442,all_motion,0.5139628229512311,0.24917339271260125,0.6914324340995732,0.035190221768132426,4,0.008447933477093444,-0.0008830445669495845,0.6666666666666666,0.9333333333333332,-0.012308442209469238
3,tanh,focal_gamma_2,2025,all_motion,0.49126974168870713,0.25396634063109613,0.701244514535039,0.06644739523732601,25,0.012626469134791235,0.003295491090748211,0.6666666666666666,0.8666666666666666,-0.01154377835605359
3,tanh,focal_gamma_2,9001,all_motion,0.4620024125452352,0.261579134669508,0.7176798179573644,0.08456169432347395,40,0.005228753448254256,-0.004102224595788773,0.6666666666666666,0.7666666666666666,-0.03652320056676066
3,tanh,return_aware_bce,442,all_motion,0.503144880670941,0.2557771803069564,0.7051773937261189,0.07720043989344973,4,0.00786433374517284,-0.0014666442988701875,0.6666666666666666,0.9,-0.0170587289351108
3,tanh,return_aware_bce,2025,all_motion,0.48983737059899946,0.2611376097601414,0.7167574951912057,0.09715247757902315,9,0.009095604343353348,-0.00023537370068967925,0.6666666666666666,0.7666666666666666,-0.035162925033161194
3,tanh,return_aware_bce,9001,all_motion,0.47734977806323053,0.2589737119902362,0.7116495221443213,0.08742648078241588,1,0.01644435185575169,0.007113373811708667,0.6666666666666666,0.8666666666666666,-0.03443260767752464
3,leaky_relu,binary_cross_entropy,442,all_motion,0.5000875821004548,0.25943395102780203,0.7138971461244157,0.09321558154821548,5,0.0036761776985878964,-0.00565480034545513,0.6666666666666666,0.9,-0.022522069224991136
3,leaky_relu,binary_cross_entropy,2025,all_motion,0.46519263714052517,0.25631615522161155,0.7060977401690891,0.07439559343461746,2,0.0032918575775201103,-0.006039120466522917,0.6666666666666666,0.8333333333333334,-0.03610105654343338
3,leaky_relu,binary_cross_entropy,9001,all_motion,0.4858582859499676,0.2624085694598448,0.7201278512486182,0.09906386243327381,4,0.013766099103395121,0.004435121059352093,0.3333333333333333,0.7666666666666666,-0.032237634398552886
3,leaky_relu,brier_mse,442,all_motion,0.49916828062050367,0.2594698894414966,0.7139464166857852,0.09701886350395043,5,0.0015346911483929613,-0.007796286895650067,0.3333333333333333,0.9333333333333332,-0.022522069224991136
3,leaky_relu,brier_mse,2025,all_motion,0.4644335922699168,0.2565067136483759,0.7064986342688057,0.07483579889250065,2,0.0032918575775201103,-0.006039120466522917,0.6666666666666666,0.8333333333333334,-0.03610105654343338
3,leaky_relu,brier_mse,9001,all_motion,0.4874844557300434,0.26245693206821485,0.720169192821752,0.09944195421730222,4,0.013766099103395121,0.004435121059352093,0.3333333333333333,0.7666666666666666,-0.032237634398552886
3,leaky_relu,focal_gamma_1,442,all_motion,0.5019671809371657,0.25368462363439725,0.7008501717564591,0.058679207533634765,10,0.006273723755978306,-0.00305725428806472,0.3333333333333333,0.9333333333333332,-0.017500720444761687
3,leaky_relu,focal_gamma_1,2025,all_motion,0.4482700361136406,0.25703574789086486,0.7075299424684304,0.08310469568551393,6,-0.009334830556390141,-0.018665808600433167,0.3333333333333333,0.8333333333333334,-0.04430799912450362
3,leaky_relu,focal_gamma_1,9001,all_motion,0.5049536684477098,0.25539154707888434,0.7045938394699517,0.05838414383824467,11,0.009952663505455135,0.0006216854614121067,0.6666666666666666,0.8666666666666667,-0.05449221679898584
3,leaky_relu,focal_gamma_2,442,all_motion,0.5075674661690844,0.25079685921842454,0.6947460574471206,0.03737840435538512,10,0.01220980422786798,0.0028788261838249523,0.3333333333333333,0.9333333333333332,-0.0012419230172221343
3,leaky_relu,focal_gamma_2,2025,all_motion,0.46702627090323856,0.2541656599201753,0.7016112185028218,0.07155889927441053,10,0.0013834959180624752,-0.007947482125980553,0.3333333333333333,0.7666666666666666,-0.010672953052739732
3,leaky_relu,focal_gamma_2,9001,all_motion,0.508822188459288,0.2527195276714312,0.6988030776787567,0.04628666577761644,13,0.005859643088830797,-0.0034713349552122283,0.3333333333333333,0.8333333333333334,-0.04677731705509815
3,leaky_relu,return_aware_bce,442,all_motion,0.5003546764493596,0.2602482789112187,0.7158377002206254,0.09243629627688303,5,0.0036761776985878964,-0.00565480034545513,0.6666666666666666,0.9,-0.022522069224991136
3,leaky_relu,return_aware_bce,2025,all_motion,0.46554545014093884,0.25662917702747295,0.706752797317466,0.07533781821312574,2,0.006033089297258191,-0.0032978887467848355,0.6666666666666666,0.7999999999999999,-0.036001056543433385
3,leaky_relu,return_aware_bce,9001,all_motion,0.48549801915377055,0.2633896913550042,0.7224238632457906,0.1031400191915565,4,0.010080282970386857,0.0007493049263438296,0.3333333333333333,0.7999999999999999,-0.043295082797577676
3,gelu,binary_cross_entropy,442,all_motion,0.5087401967056707,0.2561984281263047,0.7072873316747369,0.08350374201099826,2,0.0031175728794927957,-0.006213405164550232,0.3333333333333333,0.9,-0.017145171360059285
3,gelu,binary_cross_entropy,2025,all_motion,0.4647938590661139,0.25685438144623945,0.7072598063888259,0.07503940252408114,2,0.012395766128711566,0.003064788084668537,0.6666666666666666,0.7666666666666666,-0.03224601782831431
3,gelu,binary_cross_entropy,9001,all_motion,0.4853849699177225,0.26389056124066873,0.7239360467216999,0.0925350710723567,4,0.0106464710380572,0.0013154929940141734,0.3333333333333333,0.7666666666666666,-0.03345973647495484
3,gelu,brier_mse,442,all_motion,0.5065997150165412,0.2584615512025211,0.7120239232929165,0.09275582312923766,5,0.009685585912025115,0.0003546078679820877,0.3333333333333333,0.9,-0.0266887963531539
3,gelu,brier_mse,2025,all_motion,0.4638571653960015,0.2569871984680592,0.7075368776171556,0.07446331890247593,2,0.00836296753366908,-0.0009680105103739498,0.6666666666666666,0.7666666666666666,-0.04434441361344177
3,gelu,brier_mse,9001,all_motion,0.49344625005745635,0.2642016000858236,0.7249234734670473,0.0868728961110568,6,0.008979274908581247,-0.00035170313546178017,0.3333333333333333,0.7333333333333334,-0.035580183053689984
3,gelu,focal_gamma_1,442,all_motion,0.510283132432832,0.2524320047151094,0.698186254847027,0.053931407977447124,7,0.01080597245507489,0.0014749944110318627,0.3333333333333333,0.9666666666666667,-0.014650224456823513
3,gelu,focal_gamma_1,2025,all_motion,0.46508828399955776,0.2557683298567897,0.705021322839991,0.0715554083029753,5,-0.0015237534265507072,-0.010854731470593735,0.3333333333333333,0.7666666666666666,-0.017511263857506298
3,gelu,focal_gamma_1,9001,all_motion,0.5044294181442782,0.25585397200568927,0.7056461307899493,0.054401605257172844,8,0.0066111089594983845,-0.002719869084544643,0.3333333333333333,0.8333333333333334,-0.02838420699848433
3,gelu,focal_gamma_2,442,all_motion,0.5011870169785044,0.2512481668606083,0.6956240923546971,0.05241912100261347,10,0.01757747001181656,0.008246491967773531,0.6666666666666666,0.8333333333333334,-0.019063818402223185
3,gelu,focal_gamma_2,2025,all_motion,0.49333195852211104,0.25626966204620505,0.7063159864784468,0.07264903225938833,21,0.004697378237359863,-0.004633599806683164,0.6666666666666666,0.8333333333333334,-0.029282827818404578
3,gelu,focal_gamma_2,9001,all_motion,0.5115316432265494,0.2526987632426571,0.6988268974888137,0.04267488315188305,11,0.010636328789653407,0.0013053507456103793,0.3333333333333333,0.8333333333333334,-0.02838420699848433
3,gelu,return_aware_bce,442,all_motion,0.5089501452869027,0.25666226167932393,0.7084233428031771,0.08355517435840215,2,0.0031175728794927957,-0.006213405164550232,0.3333333333333333,0.9,-0.017145171360059285
3,gelu,return_aware_bce,2025,all_motion,0.46491063520005366,0.2571247356026159,0.7078374825411714,0.07358479530607925,2,0.012395766128711566,0.003064788084668537,0.6666666666666666,0.7666666666666666,-0.03224601782831431
3,gelu,return_aware_bce,9001,all_motion,0.4852122903154074,0.2648942675538143,0.7263806095144417,0.09550937014209501,4,0.0106464710380572,0.0013154929940141734,0.3333333333333333,0.7666666666666666,-0.03345973647495484
